in_WIDTH,in_LENGTH,in_HIGHT,in_ORIENTATION,in_WINDOWS_RATIO,out_AREA,out_FORM_FACTOR,out_S_V_RATIO,out_COOLING,out_HEATING,out_TOTAL
30,30,8,0,0.10,1078,1.8905,0.4726,44.0980,1.6397,45.7377
40,30,8,0,0.1,1298,1.8629,0.4657,44.0785,1.6182,45.6967
50,30,8,0,0.1,1518,1.8432,0.4608,44.0635,1.6013,45.6649
60,30,8,0,0.1,1738,1.8285,0.4571,44.0041,1.6009,45.6050
30,40,8,0,0.1,1298,1.8629,0.4657,44.0765,1.6608,45.7373
40,40,8,0,0.1,1518,1.8432,0.4608,44.0622,1.6398,45.7020
50,40,8,0,0.1,1738,1.8285,0.4571,44.0504,1.6243,45.6747
60,40,8,0,0.1,1958,1.8172,0.4543,43.9984,1.6212,45.6195
30,50,8,0,0.1,1518,1.8432,0.4608,44.0577,1.6780,45.7357
40,50,8,0,0.1,1738,1.8285,0.4571,44.0494,1.6569,45.7063
50,50,8,0,0.1,1958,1.8172,0.4543,44.0421,1.6397,45.6817
60,50,8,0,0.1,2178,1.8081,0.4520,43.9962,1.6358,45.6319
30,60,8,0,0.1,1738,1.8285,0.4571,44.0172,1.6948,45.7120
40,60,8,0,0.1,1958,1.8172,0.4543,44.0142,1.6740,45.6882
50,60,8,0,0.1,2178,1.8081,0.4520,44.0130,1.6575,45.6705
60,60,8,0,0.1,2398,1.8007,0.4502,43.9749,1.6525,45.6275
30,30,12,0,0.1,1617,1.5572,0.3893,44.3439,1.5114,45.8553
40,30,12,0,0.1,1947,1.5295,0.3824,44.3352,1.4882,45.8234
50,30,12,0,0.1,2277,1.5099,0.3775,44.3310,1.4673,45.7983
60,30,12,0,0.1,2607,1.4952,0.3738,44.2812,1.4639,45.7451
30,40,12,0,0.1,1947,1.5295,0.3824,44.3293,1.5310,45.8603
40,40,12,0,0.1,2277,1.5099,0.3775,44.3227,1.5075,45.8302
50,40,12,0,0.1,2607,1.4952,0.3738,44.3210,1.4877,45.8087
60,40,12,0,0.1,2937,1.4838,0.3710,44.2771,1.4842,45.7613
30,50,12,0,0.1,2277,1.5099,0.3775,44.3197,1.5444,45.8641
40,50,12,0,0.1,2607,1.4952,0.3738,44.3158,1.5229,45.8388
50,50,12,0,0.1,2937,1.4838,0.3710,44.3138,1.5036,45.8174
60,50,12,0,0.1,3267,1.4747,0.3687,44.2777,1.4980,45.7757
30,60,12,0,0.1,2607,1.4952,0.3738,44.2847,1.5605,45.8452
40,60,12,0,0.1,2937,1.4838,0.3710,44.2859,1.5385,45.8244
50,60,12,0,0.1,3267,1.4747,0.3687,44.2898,1.5209,45.8107
60,60,12,0,0.1,3597,1.4673,0.3668,44.2574,1.5144,45.7717
30,30,16,0,0.1,2156,1.3905,0.3476,44.4323,1.4596,45.8919
40,30,16,0,0.1,2596,1.3629,0.3407,44.4293,1.4331,45.8624
50,30,16,0,0.1,3036,1.3432,0.3358,44.4335,1.4111,45.8447
60,30,16,0,0.1,3476,1.3285,0.3321,44.3892,1.4058,45.7950
30,40,16,0,0.1,2596,1.3629,0.3407,44.4241,1.4765,45.9006
40,40,16,0,0.1,3036,1.3432,0.3358,44.4205,1.4528,45.8733
50,40,16,0,0.1,3476,1.3285,0.3321,44.4231,1.4309,45.8540
60,40,16,0,0.1,3916,1.3172,0.3293,44.3840,1.4254,45.8094
30,50,16,0,0.1,3036,1.3432,0.3358,44.4182,1.4886,45.9068
40,50,16,0,0.1,3476,1.3285,0.3321,44.4140,1.4675,45.8814
50,50,16,0,0.1,3916,1.3172,0.3293,44.4172,1.4472,45.8644
60,50,16,0,0.1,4356,1.3081,0.3270,44.3831,1.4416,45.8247
30,60,16,0,0.1,3476,1.3285,0.3321,44.3863,1.5039,45.8902
40,60,16,0,0.1,3916,1.3172,0.3293,44.3871,1.4834,45.8705
50,60,16,0,0.1,4356,1.3081,0.3270,44.3930,1.4637,45.8567
60,60,16,0,0.1,4796,1.3007,0.3252,44.3632,1.4569,45.8201
30,30,8,45,0.1,1078,1.8905,0.4726,43.9342,1.7115,45.6457
40,30,8,45,0.1,1298,1.8629,0.4657,43.9170,1.7180,45.6351
50,30,8,45,0.1,1518,1.8432,0.4608,43.9047,1.7208,45.6254
60,30,8,45,0.1,1738,1.8285,0.4571,43.8521,1.7354,45.5875
30,40,8,45,0.1,1298,1.8629,0.4657,43.9104,1.7108,45.6212
40,40,8,45,0.1,1518,1.8432,0.4608,43.8957,1.7173,45.6129
50,40,8,45,0.1,1738,1.8285,0.4571,43.8850,1.7213,45.6063
60,40,8,45,0.1,1958,1.8172,0.4543,43.8394,1.7323,45.5717
30,50,8,45,0.1,1518,1.8432,0.4608,43.8984,1.7095,45.6079
40,50,8,45,0.1,1738,1.8285,0.4571,43.8829,1.7160,45.5989
50,50,8,45,0.1,1958,1.8172,0.4543,43.8742,1.7201,45.5943
60,50,8,45,0.1,2178,1.8081,0.4520,43.8334,1.7298,45.5632
30,60,8,45,0.1,1738,1.8285,0.4571,43.8460,1.7199,45.5660
40,60,8,45,0.1,1958,1.8172,0.4543,43.8370,1.7244,45.5614
50,60,8,45,0.1,2178,1.8081,0.4520,43.8330,1.7274,45.5603
60,60,8,45,0.1,2398,1.8007,0.4502,43.7986,1.7356,45.5343
30,30,12,45,0.1,1617,1.5572,0.3893,44.1914,1.5715,45.7629
40,30,12,45,0.1,1947,1.5295,0.3824,44.1788,1.5767,45.7555
50,30,12,45,0.1,2277,1.5099,0.3775,44.1736,1.5797,45.7533
60,30,12,45,0.1,2607,1.4952,0.3738,44.1287,1.5927,45.7213
30,40,12,45,0.1,1947,1.5295,0.3824,44.1740,1.5704,45.7445
40,40,12,45,0.1,2277,1.5099,0.3775,44.1595,1.5760,45.7356
50,40,12,45,0.1,2607,1.4952,0.3738,44.1554,1.5783,45.7337
60,40,12,45,0.1,2937,1.4838,0.3710,44.1159,1.5903,45.7062
30,50,12,45,0.1,2277,1.5099,0.3775,44.1667,1.5680,45.7347
40,50,12,45,0.1,2607,1.4952,0.3738,44.1523,1.5742,45.7264
50,50,12,45,0.1,2937,1.4838,0.3710,44.1476,1.5775,45.7252
60,50,12,45,0.1,3267,1.4747,0.3687,44.1119,1.5875,45.6993
30,60,12,45,0.1,2607,1.4952,0.3738,44.1205,1.5777,45.6982
40,60,12,45,0.1,2937,1.4838,0.3710,44.1118,1.5822,45.6940
50,60,12,45,0.1,3267,1.4747,0.3687,44.1107,1.5833,45.6939
60,60,12,45,0.1,3597,1.4673,0.3668,44.0797,1.5932,45.6729
30,30,16,45,0.1,2156,1.3905,0.3476,44.2930,1.5077,45.8006
40,30,16,45,0.1,2596,1.3629,0.3407,44.2829,1.5133,45.7962
50,30,16,45,0.1,3036,1.3432,0.3358,44.2833,1.5155,45.7988
60,30,16,45,0.1,3476,1.3285,0.3321,44.2401,1.5303,45.7704
30,40,16,45,0.1,2596,1.3629,0.3407,44.2771,1.5059,45.7830
40,40,16,45,0.1,3036,1.3432,0.3358,44.2642,1.5106,45.7748
50,40,16,45,0.1,3476,1.3285,0.3321,44.2607,1.5159,45.7766
60,40,16,45,0.1,3916,1.3172,0.3293,44.2254,1.5279,45.7533
30,50,16,45,0.1,3036,1.3432,0.3358,44.2727,1.5038,45.7764
40,50,16,45,0.1,3476,1.3285,0.3321,44.2574,1.5103,45.7677
50,50,16,45,0.1,3916,1.3172,0.3293,44.2536,1.5139,45.7675
60,50,16,45,0.1,4356,1.3081,0.3270,44.2209,1.5249,45.7459
30,60,16,45,0.1,3476,1.3285,0.3321,44.2288,1.5137,45.7425
40,60,16,45,0.1,3916,1.3172,0.3293,44.2187,1.5184,45.7371
50,60,16,45,0.1,4356,1.3081,0.3270,44.2198,1.5209,45.7407
60,60,16,45,0.1,4796,1.3007,0.3252,44.1888,1.5308,45.7196
30,30,8,90,0.1,1078,1.8905,0.4726,44.1009,1.6426,45.7436
40,30,8,90,0.1,1298,1.8629,0.4657,44.0787,1.6648,45.7435
50,30,8,90,0.1,1518,1.8432,0.4608,44.0599,1.6801,45.7400
60,30,8,90,0.1,1738,1.8285,0.4571,44.0173,1.6977,45.7150
30,40,8,90,0.1,1298,1.8629,0.4657,44.0821,1.6224,45.7045
40,40,8,90,0.1,1518,1.8432,0.4608,44.0642,1.6433,45.7075
50,40,8,90,0.1,1738,1.8285,0.4571,44.0512,1.6597,45.7110
60,40,8,90,0.1,1958,1.8172,0.4543,44.0140,1.6767,45.6907
30,50,8,90,0.1,1518,1.8432,0.4608,44.0653,1.6048,45.6701
40,50,8,90,0.1,1738,1.8285,0.4571,44.0526,1.6274,45.6800
50,50,8,90,0.1,1958,1.8172,0.4543,44.0438,1.6420,45.6858
60,50,8,90,0.1,2178,1.8081,0.4520,44.0130,1.6599,45.6729
30,60,8,90,0.1,1738,1.8285,0.4571,44.0047,1.6050,45.6097
40,60,8,90,0.1,1958,1.8172,0.4543,43.9989,1.6252,45.6241
50,60,8,90,0.1,2178,1.8081,0.4520,43.9967,1.6390,45.6357
60,60,8,90,0.1,2398,1.8007,0.4502,43.9740,1.6553,45.6293
30,30,12,90,0.1,1617,1.5572,0.3893,44.3477,1.5174,45.8651
40,30,12,90,0.1,1947,1.5295,0.3824,44.3342,1.5360,45.8701
50,30,12,90,0.1,2277,1.5099,0.3775,44.3221,1.5489,45.8709
60,30,12,90,0.1,2607,1.4952,0.3738,44.2858,1.5641,45.8499
30,40,12,90,0.1,1947,1.5295,0.3824,44.3385,1.4941,45.8326
40,40,12,90,0.1,2277,1.5099,0.3775,44.3274,1.5125,45.8399
50,40,12,90,0.1,2607,1.4952,0.3738,44.3184,1.5272,45.8456
60,40,12,90,0.1,2937,1.4838,0.3710,44.2869,1.5424,45.8293
30,50,12,90,0.1,2277,1.5099,0.3775,44.3336,1.4724,45.8061
40,50,12,90,0.1,2607,1.4952,0.3738,44.3234,1.4917,45.8151
50,50,12,90,0.1,2937,1.4838,0.3710,44.3182,1.5074,45.8256
60,50,12,90,0.1,3267,1.4747,0.3687,44.2908,1.5244,45.8152
30,60,12,90,0.1,2607,1.4952,0.3738,44.2820,1.4694,45.7514
40,60,12,90,0.1,2937,1.4838,0.3710,44.2800,1.4896,45.7695
50,60,12,90,0.1,3267,1.4747,0.3687,44.2783,1.5026,45.7809
60,60,12,90,0.1,3597,1.4673,0.3668,44.2565,1.5184,45.7748
30,30,16,90,0.1,2156,1.3905,0.3476,44.4366,1.4663,45.9029
40,30,16,90,0.1,2596,1.3629,0.3407,44.4271,1.4827,45.9098
50,30,16,90,0.1,3036,1.3432,0.3358,44.4209,1.4931,45.9140
60,30,16,90,0.1,3476,1.3285,0.3321,44.3883,1.5080,45.8963
30,40,16,90,0.1,2596,1.3629,0.3407,44.4330,1.4399,45.8729
40,40,16,90,0.1,3036,1.3432,0.3358,44.4232,1.4591,45.8823
50,40,16,90,0.1,3476,1.3285,0.3321,44.4166,1.4726,45.8892
60,40,16,90,0.1,3916,1.3172,0.3293,44.3888,1.4877,45.8765
30,50,16,90,0.1,3036,1.3432,0.3358,44.4369,1.4172,45.8541
40,50,16,90,0.1,3476,1.3285,0.3321,44.4258,1.4368,45.8626
50,50,16,90,0.1,3916,1.3172,0.3293,44.4200,1.4525,45.8725
60,50,16,90,0.1,4356,1.3081,0.3270,44.3949,1.4680,45.8629
30,60,16,90,0.1,3476,1.3285,0.3321,44.3907,1.4122,45.8028
40,60,16,90,0.1,3916,1.3172,0.3293,44.3852,1.4319,45.8171
50,60,16,90,0.1,4356,1.3081,0.3270,44.3841,1.4478,45.8319
60,60,16,90,0.1,4796,1.3007,0.3252,44.3636,1.4619,45.8255
30,30,8,135,0.1,1078,1.8905,0.4726,43.9867,1.7168,45.7034
40,30,8,135,0.1,1298,1.8629,0.4657,43.9596,1.7132,45.6728
50,30,8,135,0.1,1518,1.8432,0.4608,43.9432,1.7100,45.6532
60,30,8,135,0.1,1738,1.8285,0.4571,43.9155,1.7100,45.6255
30,40,8,135,0.1,1298,1.8629,0.4657,43.9656,1.7211,45.6867
40,40,8,135,0.1,1518,1.8432,0.4608,43.9434,1.7178,45.6612
50,40,8,135,0.1,1738,1.8285,0.4571,43.9290,1.7149,45.6439
60,40,8,135,0.1,1958,1.8172,0.4543,43.9052,1.7144,45.6196
30,50,8,135,0.1,1518,1.8432,0.4608,43.9511,1.7215,45.6726
40,50,8,135,0.1,1738,1.8285,0.4571,43.9314,1.7206,45.6521
50,50,8,135,0.1,1958,1.8172,0.4543,43.9186,1.7182,45.6368
60,50,8,135,0.1,2178,1.8081,0.4520,43.8997,1.7173,45.6170
30,60,8,135,0.1,1738,1.8285,0.4571,43.8938,1.7364,45.6302
40,60,8,135,0.1,1958,1.8172,0.4543,43.8827,1.7319,45.6146
50,60,8,135,0.1,2178,1.8081,0.4520,43.8759,1.7282,45.6041
60,60,8,135,0.1,2398,1.8007,0.4502,43.8604,1.7280,45.5884
30,30,12,135,0.1,1617,1.5572,0.3893,44.2411,1.5859,45.8271
40,30,12,135,0.1,1947,1.5295,0.3824,44.2253,1.5797,45.8050
50,30,12,135,0.1,2277,1.5099,0.3775,44.2153,1.5737,45.7890
60,30,12,135,0.1,2607,1.4952,0.3738,44.1946,1.5711,45.7657
30,40,12,135,0.1,1947,1.5295,0.3824,44.2302,1.5855,45.8157
40,40,12,135,0.1,2277,1.5099,0.3775,44.2149,1.5814,45.7963
50,40,12,135,0.1,2607,1.4952,0.3738,44.2067,1.5767,45.7834
60,40,12,135,0.1,2937,1.4838,0.3710,44.1888,1.5741,45.7629
30,50,12,135,0.1,2277,1.5099,0.3775,44.2225,1.5853,45.8078
40,50,12,135,0.1,2607,1.4952,0.3738,44.2093,1.5811,45.7904
50,50,12,135,0.1,2937,1.4838,0.3710,44.2018,1.5781,45.7799
60,50,12,135,0.1,3267,1.4747,0.3687,44.1859,1.5759,45.7617
30,60,12,135,0.1,2607,1.4952,0.3738,44.1724,1.5974,45.7698
40,60,12,135,0.1,2937,1.4838,0.3710,44.1655,1.5924,45.7579
50,60,12,135,0.1,3267,1.4747,0.3687,44.1624,1.5876,45.7500
60,60,12,135,0.1,3597,1.4673,0.3668,44.1501,1.5851,45.7351
30,30,16,135,0.1,2156,1.3905,0.3476,44.3341,1.5326,45.8667
40,30,16,135,0.1,2596,1.3629,0.3407,44.3255,1.5234,45.8489
50,30,16,135,0.1,3036,1.3432,0.3358,44.3196,1.5182,45.8377
60,30,16,135,0.1,3476,1.3285,0.3321,44.3035,1.5145,45.8180
30,40,16,135,0.1,2596,1.3629,0.3407,44.3298,1.5305,45.8603
40,40,16,135,0.1,3036,1.3432,0.3358,44.3184,1.5245,45.8430
50,40,16,135,0.1,3476,1.3285,0.3321,44.3146,1.5181,45.8326
60,40,16,135,0.1,3916,1.3172,0.3293,44.2988,1.5149,45.8137
30,50,16,135,0.1,3036,1.3432,0.3358,44.3262,1.5293,45.8555
40,50,16,135,0.1,3476,1.3285,0.3321,44.3164,1.5237,45.8401
50,50,16,135,0.1,3916,1.3172,0.3293,44.3117,1.5183,45.8300
60,50,16,135,0.1,4356,1.3081,0.3270,44.2977,1.5155,45.8131
30,60,16,135,0.1,3476,1.3285,0.3321,44.2812,1.5400,45.8212
40,60,16,135,0.1,3916,1.3172,0.3293,44.2767,1.5339,45.8106
50,60,16,135,0.1,4356,1.3081,0.3270,44.2760,1.5281,45.8040
60,60,16,135,0.1,4796,1.3007,0.3252,44.2635,1.5250,45.7885
30,30,8,180,0.1,1078,1.8905,0.4726,44.0969,1.6448,45.7417
40,30,8,180,0.1,1298,1.8629,0.4657,44.0791,1.6223,45.7014
50,30,8,180,0.1,1518,1.8432,0.4608,44.0636,1.6048,45.6684
60,30,8,180,0.1,1738,1.8285,0.4571,44.0417,1.5917,45.6335
30,40,8,180,0.1,1298,1.8629,0.4657,44.0753,1.6651,45.7405
40,40,8,180,0.1,1518,1.8432,0.4608,44.0617,1.6434,45.7050
50,40,8,180,0.1,1738,1.8285,0.4571,44.0504,1.6274,45.6778
60,40,8,180,0.1,1958,1.8172,0.4543,44.0324,1.6131,45.6454
30,50,8,180,0.1,1518,1.8432,0.4608,44.0569,1.6802,45.7372
40,50,8,180,0.1,1738,1.8285,0.4571,44.0489,1.6597,45.7086
50,50,8,180,0.1,1958,1.8172,0.4543,44.0419,1.6419,45.6839
60,50,8,180,0.1,2178,1.8081,0.4520,44.0271,1.6284,45.6554
30,60,8,180,0.1,1738,1.8285,0.4571,44.0142,1.6980,45.7122
40,60,8,180,0.1,1958,1.8172,0.4543,44.0113,1.6767,45.6880
50,60,8,180,0.1,2178,1.8081,0.4520,44.0109,1.6598,45.6707
60,60,8,180,0.1,2398,1.8007,0.4502,44.0016,1.6456,45.6473
30,30,12,180,0.1,1617,1.5572,0.3893,44.3429,1.5166,45.8596
40,30,12,180,0.1,1947,1.5295,0.3824,44.3352,1.4923,45.8275
50,30,12,180,0.1,2277,1.5099,0.3775,44.3318,1.4706,45.8025
60,30,12,180,0.1,2607,1.4952,0.3738,44.3197,1.4545,45.7742
30,40,12,180,0.1,1947,1.5295,0.3824,44.3298,1.5356,45.8654
40,40,12,180,0.1,2277,1.5099,0.3775,44.3223,1.5112,45.8335
50,40,12,180,0.1,2607,1.4952,0.3738,44.3210,1.4908,45.8118
60,40,12,180,0.1,2937,1.4838,0.3710,44.3115,1.4757,45.7872
30,50,12,180,0.1,2277,1.5099,0.3775,44.3183,1.5482,45.8665
40,50,12,180,0.1,2607,1.4952,0.3738,44.3154,1.5260,45.8414
50,50,12,180,0.1,2937,1.4838,0.3710,44.3160,1.5062,45.8223
60,50,12,180,0.1,3267,1.4747,0.3687,44.3065,1.4906,45.7971
30,60,12,180,0.1,2607,1.4952,0.3738,44.2818,1.5637,45.8455
40,60,12,180,0.1,2937,1.4838,0.3710,44.2840,1.5412,45.8252
50,60,12,180,0.1,3267,1.4747,0.3687,44.2885,1.5231,45.8116
60,60,12,180,0.1,3597,1.4673,0.3668,44.2843,1.5074,45.7917
30,30,16,180,0.1,2156,1.3905,0.3476,44.4308,1.4651,45.8958
40,30,16,180,0.1,2596,1.3629,0.3407,44.4294,1.4373,45.8667
50,30,16,180,0.1,3036,1.3432,0.3358,44.4348,1.4146,45.8494
60,30,16,180,0.1,3476,1.3285,0.3321,44.4277,1.3980,45.8257
30,40,16,180,0.1,2596,1.3629,0.3407,44.4221,1.4813,45.9034
40,40,16,180,0.1,3036,1.3432,0.3358,44.4201,1.4567,45.8768
50,40,16,180,0.1,3476,1.3285,0.3321,44.4224,1.4359,45.8583
60,40,16,180,0.1,3916,1.3172,0.3293,44.4188,1.4187,45.8375
30,50,16,180,0.1,3036,1.3432,0.3358,44.4148,1.4939,45.9087
40,50,16,180,0.1,3476,1.3285,0.3321,44.4134,1.4708,45.8842
50,50,16,180,0.1,3916,1.3172,0.3293,44.4177,1.4499,45.8676
60,50,16,180,0.1,4356,1.3081,0.3270,44.4146,1.4340,45.8486
30,60,16,180,0.1,3476,1.3285,0.3321,44.3836,1.5073,45.8909
40,60,16,180,0.1,3916,1.3172,0.3293,44.3852,1.4862,45.8714
50,60,16,180,0.1,4356,1.3081,0.3270,44.3921,1.4660,45.8582
60,60,16,180,0.1,4796,1.3007,0.3252,44.3912,1.4495,45.8408
30,30,8,225,0.1,1078,1.8905,0.4726,43.9176,1.7241,45.6417
40,30,8,225,0.1,1298,1.8629,0.4657,43.9034,1.7291,45.6325
50,30,8,225,0.1,1518,1.8432,0.4608,43.8934,1.7295,45.6229
60,30,8,225,0.1,1738,1.8285,0.4571,43.8741,1.7330,45.6071
30,40,8,225,0.1,1298,1.8629,0.4657,43.8984,1.7210,45.6194
40,40,8,225,0.1,1518,1.8432,0.4608,43.8833,1.7262,45.6095
50,40,8,225,0.1,1738,1.8285,0.4571,43.8751,1.7290,45.6042
60,40,8,225,0.1,1958,1.8172,0.4543,43.8594,1.7307,45.5901
30,50,8,225,0.1,1518,1.8432,0.4608,43.8870,1.7183,45.6053
40,50,8,225,0.1,1738,1.8285,0.4571,43.8729,1.7237,45.5966
50,50,8,225,0.1,1958,1.8172,0.4543,43.8658,1.7268,45.5926
60,50,8,225,0.1,2178,1.8081,0.4520,43.8519,1.7282,45.5801
30,60,8,225,0.1,1738,1.8285,0.4571,43.8645,1.7181,45.5825
40,60,8,225,0.1,1958,1.8172,0.4543,43.8538,1.7229,45.5767
50,60,8,225,0.1,2178,1.8081,0.4520,43.8487,1.7257,45.5744
60,60,8,225,0.1,2398,1.8007,0.4502,43.8370,1.7289,45.5659
30,30,12,225,0.1,1617,1.5572,0.3893,44.1696,1.5850,45.7546
40,30,12,225,0.1,1947,1.5295,0.3824,44.1607,1.5877,45.7484
50,30,12,225,0.1,2277,1.5099,0.3775,44.1583,1.5891,45.7475
60,30,12,225,0.1,2607,1.4952,0.3738,44.1466,1.5914,45.7380
30,40,12,225,0.1,1947,1.5295,0.3824,44.1552,1.5817,45.7370
40,40,12,225,0.1,2277,1.5099,0.3775,44.1439,1.5857,45.7296
50,40,12,225,0.1,2607,1.4952,0.3738,44.1423,1.5866,45.7289
60,40,12,225,0.1,2937,1.4838,0.3710,44.1321,1.5892,45.7213
30,50,12,225,0.1,2277,1.5099,0.3775,44.1508,1.5777,45.7285
40,50,12,225,0.1,2607,1.4952,0.3738,44.1390,1.5825,45.7216
50,50,12,225,0.1,2937,1.4838,0.3710,44.1363,1.5836,45.7199
60,50,12,225,0.1,3267,1.4747,0.3687,44.1270,1.5863,45.7133
30,60,12,225,0.1,2607,1.4952,0.3738,44.1357,1.5758,45.7115
40,60,12,225,0.1,2937,1.4838,0.3710,44.1259,1.5804,45.7063
50,60,12,225,0.1,3267,1.4747,0.3687,44.1225,1.5847,45.7072
60,60,12,225,0.1,3597,1.4673,0.3668,44.1136,1.5862,45.6999
30,30,16,225,0.1,2156,1.3905,0.3476,44.2672,1.5213,45.7885
40,30,16,225,0.1,2596,1.3629,0.3407,44.2616,1.5249,45.7866
50,30,16,225,0.1,3036,1.3432,0.3358,44.2637,1.5276,45.7913
60,30,16,225,0.1,3476,1.3285,0.3321,44.2552,1.5295,45.7847
30,40,16,225,0.1,2596,1.3629,0.3407,44.2554,1.5173,45.7727
40,40,16,225,0.1,3036,1.3432,0.3358,44.2443,1.5227,45.7671
50,40,16,225,0.1,3476,1.3285,0.3321,44.2466,1.5249,45.7714
60,40,16,225,0.1,3916,1.3172,0.3293,44.2390,1.5274,45.7664
30,50,16,225,0.1,3036,1.3432,0.3358,44.2529,1.5159,45.7689
40,50,16,225,0.1,3476,1.3285,0.3321,44.2414,1.5192,45.7606
50,50,16,225,0.1,3916,1.3172,0.3293,44.2417,1.5218,45.7635
60,50,16,225,0.1,4356,1.3081,0.3270,44.2342,1.5243,45.7584
30,60,16,225,0.1,3476,1.3285,0.3321,44.2418,1.5138,45.7556
40,60,16,225,0.1,3916,1.3172,0.3293,44.2306,1.5174,45.7480
50,60,16,225,0.1,4356,1.3081,0.3270,44.2310,1.5200,45.7509
60,60,16,225,0.1,4796,1.3007,0.3252,44.2226,1.5228,45.7454
30,30,8,270,0.1,1078,1.8905,0.4726,44.1000,1.6476,45.7476
40,30,8,270,0.1,1298,1.8629,0.4657,44.0769,1.6690,45.7459
50,30,8,270,0.1,1518,1.8432,0.4608,44.0587,1.6836,45.7423
60,30,8,270,0.1,1738,1.8285,0.4571,44.0192,1.7002,45.7194
30,40,8,270,0.1,1298,1.8629,0.4657,44.0807,1.6265,45.7072
40,40,8,270,0.1,1518,1.8432,0.4608,44.0631,1.6468,45.7099
50,40,8,270,0.1,1738,1.8285,0.4571,44.0503,1.6627,45.7130
60,40,8,270,0.1,1958,1.8172,0.4543,44.0158,1.6789,45.6947
30,50,8,270,0.1,1518,1.8432,0.4608,44.0644,1.6082,45.6726
40,50,8,270,0.1,1738,1.8285,0.4571,44.0519,1.6304,45.6823
50,50,8,270,0.1,1958,1.8172,0.4543,44.0433,1.6445,45.6878
60,50,8,270,0.1,2178,1.8081,0.4520,44.0150,1.6620,45.6770
30,60,8,270,0.1,1738,1.8285,0.4571,44.0429,1.5945,45.6375
40,60,8,270,0.1,1958,1.8172,0.4543,44.0333,1.6161,45.6494
50,60,8,270,0.1,2178,1.8081,0.4520,44.0281,1.6307,45.6588
60,60,8,270,0.1,2398,1.8007,0.4502,44.0055,1.6472,45.6526
30,30,12,270,0.1,1617,1.5572,0.3893,44.3452,1.5225,45.8677
40,30,12,270,0.1,1947,1.5295,0.3824,44.3315,1.5405,45.8720
50,30,12,270,0.1,2277,1.5099,0.3775,44.3201,1.5526,45.8727
60,30,12,270,0.1,2607,1.4952,0.3738,44.2864,1.5670,45.8534
30,40,12,270,0.1,1947,1.5295,0.3824,44.3369,1.4982,45.8351
40,40,12,270,0.1,2277,1.5099,0.3775,44.3259,1.5162,45.8420
50,40,12,270,0.1,2607,1.4952,0.3738,44.3172,1.5303,45.8475
60,40,12,270,0.1,2937,1.4838,0.3710,44.2881,1.5449,45.8329
30,50,12,270,0.1,2277,1.5099,0.3775,44.3334,1.4758,45.8092
40,50,12,270,0.1,2607,1.4952,0.3738,44.3224,1.4949,45.8173
50,50,12,270,0.1,2937,1.4838,0.3710,44.3174,1.5101,45.8275
60,50,12,270,0.1,3267,1.4747,0.3687,44.2923,1.5267,45.8190
30,60,12,270,0.1,2607,1.4952,0.3738,44.3211,1.4589,45.7800
40,60,12,270,0.1,2937,1.4838,0.3710,44.3127,1.4802,45.7929
50,60,12,270,0.1,3267,1.4747,0.3687,44.3099,1.4943,45.8042
60,60,12,270,0.1,3597,1.4673,0.3668,44.2877,1.5104,45.7981
30,30,16,270,0.1,2156,1.3905,0.3476,44.4331,1.4718,45.9049
40,30,16,270,0.1,2596,1.3629,0.3407,44.4238,1.4875,45.9113
50,30,16,270,0.1,3036,1.3432,0.3358,44.4166,1.4992,45.9157
60,30,16,270,0.1,3476,1.3285,0.3321,44.3878,1.5113,45.8991
30,40,16,270,0.1,2596,1.3629,0.3407,44.4318,1.4442,45.8760
40,40,16,270,0.1,3036,1.3432,0.3358,44.4219,1.4629,45.8848
50,40,16,270,0.1,3476,1.3285,0.3321,44.4151,1.4760,45.8911
60,40,16,270,0.1,3916,1.3172,0.3293,44.3894,1.4905,45.8800
30,50,16,270,0.1,3036,1.3432,0.3358,44.4366,1.4207,45.8574
40,50,16,270,0.1,3476,1.3285,0.3321,44.4253,1.4399,45.8652
50,50,16,270,0.1,3916,1.3172,0.3293,44.4194,1.4553,45.8747
60,50,16,270,0.1,4356,1.3081,0.3270,44.3960,1.4704,45.8664
30,60,16,270,0.1,3476,1.3285,0.3321,44.4301,1.4017,45.8318
40,60,16,270,0.1,3916,1.3172,0.3293,44.4201,1.4243,45.8444
50,60,16,270,0.1,4356,1.3081,0.3270,44.4161,1.4388,45.8549
60,60,16,270,0.1,4796,1.3007,0.3252,44.3947,1.4538,45.8485
30,30,8,315,0.1,1078,1.8905,0.4726,43.9861,1.7160,45.7021
40,30,8,315,0.1,1298,1.8629,0.4657,43.9595,1.7124,45.6719
50,30,8,315,0.1,1518,1.8432,0.4608,43.9432,1.7095,45.6527
60,30,8,315,0.1,1738,1.8285,0.4571,43.8883,1.7181,45.6064
30,40,8,315,0.1,1298,1.8629,0.4657,43.9649,1.7206,45.6855
40,40,8,315,0.1,1518,1.8432,0.4608,43.9431,1.7172,45.6603
50,40,8,315,0.1,1738,1.8285,0.4571,43.9288,1.7145,45.6433
60,40,8,315,0.1,1958,1.8172,0.4543,43.8807,1.7216,45.6023
30,50,8,315,0.1,1518,1.8432,0.4608,43.9506,1.7210,45.6716
40,50,8,315,0.1,1738,1.8285,0.4571,43.9318,1.7201,45.6518
50,50,8,315,0.1,1958,1.8172,0.4543,43.9191,1.7178,45.6368
60,50,8,315,0.1,2178,1.8081,0.4520,43.8783,1.7236,45.6019
30,60,8,315,0.1,1738,1.8285,0.4571,43.9247,1.7250,45.6497
40,60,8,315,0.1,1958,1.8172,0.4543,43.9120,1.7223,45.6343
50,60,8,315,0.1,2178,1.8081,0.4520,43.9025,1.7211,45.6236
60,60,8,315,0.1,2398,1.8007,0.4502,43.8645,1.7264,45.5909
30,30,12,315,0.1,1617,1.5572,0.3893,44.2404,1.5853,45.8257
40,30,12,315,0.1,1947,1.5295,0.3824,44.2248,1.5791,45.8040
50,30,12,315,0.1,2277,1.5099,0.3775,44.2149,1.5733,45.7882
60,30,12,315,0.1,2607,1.4952,0.3738,44.1674,1.5801,45.7474
30,40,12,315,0.1,1947,1.5295,0.3824,44.2296,1.5851,45.8148
40,40,12,315,0.1,2277,1.5099,0.3775,44.2145,1.5809,45.7954
50,40,12,315,0.1,2607,1.4952,0.3738,44.2063,1.5764,45.7827
60,40,12,315,0.1,2937,1.4838,0.3710,44.1641,1.5823,45.7464
30,50,12,315,0.1,2277,1.5099,0.3775,44.2224,1.5848,45.8072
40,50,12,315,0.1,2607,1.4952,0.3738,44.2094,1.5806,45.7900
50,50,12,315,0.1,2937,1.4838,0.3710,44.2015,1.5778,45.7793
60,50,12,315,0.1,3267,1.4747,0.3687,44.1637,1.5828,45.7465
30,60,12,315,0.1,2607,1.4952,0.3738,44.2043,1.5866,45.7910
40,60,12,315,0.1,2937,1.4838,0.3710,44.1941,1.5829,45.7769
50,60,12,315,0.1,3267,1.4747,0.3687,44.1883,1.5790,45.7673
60,60,12,315,0.1,3597,1.4673,0.3668,44.1535,1.5837,45.7372
30,30,16,315,0.1,2156,1.3905,0.3476,44.3333,1.5321,45.8654
40,30,16,315,0.1,2596,1.3629,0.3407,44.3248,1.5230,45.8478
50,30,16,315,0.1,3036,1.3432,0.3358,44.3188,1.5179,45.8367
60,30,16,315,0.1,3476,1.3285,0.3321,44.2740,1.5219,45.7959
30,40,16,315,0.1,2596,1.3629,0.3407,44.3293,1.5300,45.8593
40,40,16,315,0.1,3036,1.3432,0.3358,44.3180,1.5241,45.8421
50,40,16,315,0.1,3476,1.3285,0.3321,44.3141,1.5178,45.8320
60,40,16,315,0.1,3916,1.3172,0.3293,44.2739,1.5226,45.7964
30,50,16,315,0.1,3036,1.3432,0.3358,44.3261,1.5288,45.8549
40,50,16,315,0.1,3476,1.3285,0.3321,44.3164,1.5232,45.8397
50,50,16,315,0.1,3916,1.3172,0.3293,44.3114,1.5180,45.8294
60,50,16,315,0.1,4356,1.3081,0.3270,44.2751,1.5223,45.7975
30,60,16,315,0.1,3476,1.3285,0.3321,44.3139,1.5290,45.8430
40,60,16,315,0.1,3916,1.3172,0.3293,44.3035,1.5242,45.8277
50,60,16,315,0.1,4356,1.3081,0.3270,44.2999,1.5195,45.8194
60,60,16,315,0.1,4796,1.3007,0.3252,44.2668,1.5236,45.7904
30,30,8,0,0.2,1078,1.8905,0.4726,45.5519,1.3007,46.8525
40,30,8,0,0.2,1298,1.8629,0.4657,45.5355,1.2783,46.8138
50,30,8,0,0.2,1518,1.8432,0.4608,45.5240,1.2588,46.7828
60,30,8,0,0.2,1738,1.8285,0.4571,45.4463,1.2641,46.7103
30,40,8,0,0.2,1298,1.8629,0.4657,45.5041,1.3295,46.8336
40,40,8,0,0.2,1518,1.8432,0.4608,45.4937,1.3067,46.8004
50,40,8,0,0.2,1738,1.8285,0.4571,45.4900,1.2881,46.7781
60,40,8,0,0.2,1958,1.8172,0.4543,45.4253,1.2898,46.7152
30,50,8,0,0.2,1518,1.8432,0.4608,45.4676,1.3528,46.8204
40,50,8,0,0.2,1738,1.8285,0.4571,45.4661,1.3293,46.7954
50,50,8,0,0.2,1958,1.8172,0.4543,45.4666,1.3099,46.7766
60,50,8,0,0.2,2178,1.8081,0.4520,45.4107,1.3097,46.7203
30,60,8,0,0.2,1738,1.8285,0.4571,45.4030,1.3774,46.7804
40,60,8,0,0.2,1958,1.8172,0.4543,45.4098,1.3540,46.7638
50,60,8,0,0.2,2178,1.8081,0.4520,45.4168,1.3334,46.7501
60,60,8,0,0.2,2398,1.8007,0.4502,45.3696,1.3320,46.7016
30,30,12,0,0.2,1617,1.5572,0.3893,45.7570,1.1753,46.9323
40,30,12,0,0.2,1947,1.5295,0.3824,45.7541,1.1499,46.9040
50,30,12,0,0.2,2277,1.5099,0.3775,45.7566,1.1272,46.8838
60,30,12,0,0.2,2607,1.4952,0.3738,45.6904,1.1289,46.8194
30,40,12,0,0.2,1947,1.5295,0.3824,45.7142,1.2015,46.9157
40,40,12,0,0.2,2277,1.5099,0.3775,45.7169,1.1762,46.8931
50,40,12,0,0.2,2607,1.4952,0.3738,45.7226,1.1551,46.8777
60,40,12,0,0.2,2937,1.4838,0.3710,45.6673,1.1546,46.8219
30,50,12,0,0.2,2277,1.5099,0.3775,45.6859,1.2224,46.9083
40,50,12,0,0.2,2607,1.4952,0.3738,45.6896,1.1973,46.8869
50,50,12,0,0.2,2937,1.4838,0.3710,45.6979,1.1761,46.8739
60,50,12,0,0.2,3267,1.4747,0.3687,45.6508,1.1737,46.8245
30,60,12,0,0.2,2607,1.4952,0.3738,45.6277,1.2441,46.8718
40,60,12,0,0.2,2937,1.4838,0.3710,45.6398,1.2205,46.8604
50,60,12,0,0.2,3267,1.4747,0.3687,45.6495,1.1982,46.8477
60,60,12,0,0.2,3597,1.4673,0.3668,45.6107,1.1944,46.8052
30,30,16,0,0.2,2156,1.3905,0.3476,45.8329,1.1231,46.9560
40,30,16,0,0.2,2596,1.3629,0.3407,45.8334,1.0953,46.9287
50,30,16,0,0.2,3036,1.3432,0.3358,45.8434,1.0706,46.9139
60,30,16,0,0.2,3476,1.3285,0.3321,45.7844,1.0705,46.8549
30,40,16,0,0.2,2596,1.3629,0.3407,45.7983,1.1477,46.9460
40,40,16,0,0.2,3036,1.3432,0.3358,45.7987,1.1214,46.9201
50,40,16,0,0.2,3476,1.3285,0.3321,45.8075,1.0989,46.9063
60,40,16,0,0.2,3916,1.3172,0.3293,45.7574,1.0972,46.8545
30,50,16,0,0.2,3036,1.3432,0.3358,45.7708,1.1658,46.9366
40,50,16,0,0.2,3476,1.3285,0.3321,45.7770,1.1418,46.9189
50,50,16,0,0.2,3916,1.3172,0.3293,45.7840,1.1201,46.9041
60,50,16,0,0.2,4356,1.3081,0.3270,45.7407,1.1169,46.8576
30,60,16,0,0.2,3476,1.3285,0.3321,45.7158,1.1886,46.9043
40,60,16,0,0.2,3916,1.3172,0.3293,45.7267,1.1649,46.8916
50,60,16,0,0.2,4356,1.3081,0.3270,45.7407,1.1425,46.8832
60,60,16,0,0.2,4796,1.3007,0.3252,45.7039,1.1387,46.8425
30,30,8,45,0.2,1078,1.8905,0.4726,45.3966,1.3699,46.7666
40,30,8,45,0.2,1298,1.8629,0.4657,45.3649,1.3803,46.7452
50,30,8,45,0.2,1518,1.8432,0.4608,45.3442,1.3877,46.7319
60,30,8,45,0.2,1738,1.8285,0.4571,45.2696,1.4096,46.6792
30,40,8,45,0.2,1298,1.8629,0.4657,45.3552,1.3772,46.7324
40,40,8,45,0.2,1518,1.8432,0.4608,45.3297,1.3854,46.7151
50,40,8,45,0.2,1738,1.8285,0.4571,45.3144,1.3910,46.7055
60,40,8,45,0.2,1958,1.8172,0.4543,45.2502,1.4104,46.6606
30,50,8,45,0.2,1518,1.8432,0.4608,45.3285,1.3817,46.7102
40,50,8,45,0.2,1738,1.8285,0.4571,45.3080,1.3889,46.6969
50,50,8,45,0.2,1958,1.8172,0.4543,45.2949,1.3937,46.6886
60,50,8,45,0.2,2178,1.8081,0.4520,45.2377,1.4107,46.6484
30,60,8,45,0.2,1738,1.8285,0.4571,45.2487,1.4018,46.6505
40,60,8,45,0.2,1958,1.8172,0.4543,45.2368,1.4063,46.6431
50,60,8,45,0.2,2178,1.8081,0.4520,45.2319,1.4090,46.6409
60,60,8,45,0.2,2398,1.8007,0.4502,45.1846,1.4229,46.6075
30,30,12,45,0.2,1617,1.5572,0.3893,45.6234,1.2297,46.8531
40,30,12,45,0.2,1947,1.5295,0.3824,45.5933,1.2392,46.8325
50,30,12,45,0.2,2277,1.5099,0.3775,45.5757,1.2457,46.8214
60,30,12,45,0.2,2607,1.4952,0.3738,45.5042,1.2661,46.7703
30,40,12,45,0.2,1947,1.5295,0.3824,45.5903,1.2349,46.8253
40,40,12,45,0.2,2277,1.5099,0.3775,45.5637,1.2429,46.8066
50,40,12,45,0.2,2607,1.4952,0.3738,45.5503,1.2478,46.7981
60,40,12,45,0.2,2937,1.4838,0.3710,45.4866,1.2664,46.7531
30,50,12,45,0.2,2277,1.5099,0.3775,45.5705,1.2380,46.8085
40,50,12,45,0.2,2607,1.4952,0.3738,45.5470,1.2450,46.7920
50,50,12,45,0.2,2937,1.4838,0.3710,45.5346,1.2498,46.7844
60,50,12,45,0.2,3267,1.4747,0.3687,45.4772,1.2674,46.7445
30,60,12,45,0.2,2607,1.4952,0.3738,45.4939,1.2570,46.7508
40,60,12,45,0.2,2937,1.4838,0.3710,45.4805,1.2616,46.7421
50,60,12,45,0.2,3267,1.4747,0.3687,45.4752,1.2646,46.7398
60,60,12,45,0.2,3597,1.4673,0.3668,45.4262,1.2793,46.7055
30,30,16,45,0.2,2156,1.3905,0.3476,45.7157,1.1659,46.8817
40,30,16,45,0.2,2596,1.3629,0.3407,45.6866,1.1741,46.8606
50,30,16,45,0.2,3036,1.3432,0.3358,45.6695,1.1818,46.8513
60,30,16,45,0.2,3476,1.3285,0.3321,45.6006,1.2021,46.8027
30,40,16,45,0.2,2596,1.3629,0.3407,45.6851,1.1693,46.8544
40,40,16,45,0.2,3036,1.3432,0.3358,45.6582,1.1772,46.8354
50,40,16,45,0.2,3476,1.3285,0.3321,45.6445,1.1836,46.8281
60,40,16,45,0.2,3916,1.3172,0.3293,45.5832,1.2022,46.7854
30,50,16,45,0.2,3036,1.3432,0.3358,45.6688,1.1720,46.8409
40,50,16,45,0.2,3476,1.3285,0.3321,45.6442,1.1790,46.8232
50,50,16,45,0.2,3916,1.3172,0.3293,45.6305,1.1852,46.8157
60,50,16,45,0.2,4356,1.3081,0.3270,45.5758,1.2017,46.7775
30,60,16,45,0.2,3476,1.3285,0.3321,45.5976,1.1907,46.7884
40,60,16,45,0.2,3916,1.3172,0.3293,45.5808,1.1966,46.7774
50,60,16,45,0.2,4356,1.3081,0.3270,45.5743,1.1996,46.7740
60,60,16,45,0.2,4796,1.3007,0.3252,45.5268,1.2136,46.7404
30,30,8,90,0.2,1078,1.8905,0.4726,45.5530,1.3034,46.8564
40,30,8,90,0.2,1298,1.8629,0.4657,45.5064,1.3323,46.8387
50,30,8,90,0.2,1518,1.8432,0.4608,45.4694,1.3552,46.8246
60,30,8,90,0.2,1738,1.8285,0.4571,45.4032,1.3791,46.7822
30,40,8,90,0.2,1298,1.8629,0.4657,45.5358,1.2807,46.8165
40,40,8,90,0.2,1518,1.8432,0.4608,45.4950,1.3092,46.8042
50,40,8,90,0.2,1738,1.8285,0.4571,45.4677,1.3312,46.7989
60,40,8,90,0.2,1958,1.8172,0.4543,45.4102,1.3564,46.7667
30,50,8,90,0.2,1518,1.8432,0.4608,45.5245,1.2625,46.7871
40,50,8,90,0.2,1738,1.8285,0.4571,45.4906,1.2898,46.7804
50,50,8,90,0.2,1958,1.8172,0.4543,45.4653,1.3117,46.7771
60,50,8,90,0.2,2178,1.8081,0.4520,45.4169,1.3346,46.7515
30,60,8,90,0.2,1738,1.8285,0.4571,45.4437,1.2687,46.7124
40,60,8,90,0.2,1958,1.8172,0.4543,45.4228,1.2932,46.7160
50,60,8,90,0.2,2178,1.8081,0.4520,45.4069,1.3127,46.7196
60,60,8,90,0.2,2398,1.8007,0.4502,45.3671,1.3348,46.7019
30,30,12,90,0.2,1617,1.5572,0.3893,45.7541,1.1800,46.9341
40,30,12,90,0.2,1947,1.5295,0.3824,45.7121,1.2055,46.9175
50,30,12,90,0.2,2277,1.5099,0.3775,45.6842,1.2259,46.9102
60,30,12,90,0.2,2607,1.4952,0.3738,45.6267,1.2471,46.8738
30,40,12,90,0.2,1947,1.5295,0.3824,45.7528,1.1539,46.9067
40,40,12,90,0.2,2277,1.5099,0.3775,45.7150,1.1801,46.8951
50,40,12,90,0.2,2607,1.4952,0.3738,45.6880,1.2006,46.8886
60,40,12,90,0.2,2937,1.4838,0.3710,45.6383,1.2232,46.8615
30,50,12,90,0.2,2277,1.5099,0.3775,45.7553,1.1317,46.8871
40,50,12,90,0.2,2607,1.4952,0.3738,45.7216,1.1582,46.8799
50,50,12,90,0.2,2937,1.4838,0.3710,45.6968,1.1792,46.8760
60,50,12,90,0.2,3267,1.4747,0.3687,45.6484,1.2006,46.8490
30,60,12,90,0.2,2607,1.4952,0.3738,45.6856,1.1349,46.8205
40,60,12,90,0.2,2937,1.4838,0.3710,45.6629,1.1593,46.8222
50,60,12,90,0.2,3267,1.4747,0.3687,45.6471,1.1781,46.8252
60,60,12,90,0.2,3597,1.4673,0.3668,45.6071,1.1983,46.8054
30,30,16,90,0.2,2156,1.3905,0.3476,45.8281,1.1285,46.9566
40,30,16,90,0.2,2596,1.3629,0.3407,45.7933,1.1525,46.9458
50,30,16,90,0.2,3036,1.3432,0.3358,45.7666,1.1709,46.9375
60,30,16,90,0.2,3476,1.3285,0.3321,45.7131,1.1916,46.9047
30,40,16,90,0.2,2596,1.3629,0.3407,45.8302,1.1005,46.9307
40,40,16,90,0.2,3036,1.3432,0.3358,45.7948,1.1267,46.9214
50,40,16,90,0.2,3476,1.3285,0.3321,45.7730,1.1473,46.9203
60,40,16,90,0.2,3916,1.3172,0.3293,45.7239,1.1682,46.8922
30,50,16,90,0.2,3036,1.3432,0.3358,45.8409,1.0750,46.9159
40,50,16,90,0.2,3476,1.3285,0.3321,45.8048,1.1034,46.9082
50,50,16,90,0.2,3916,1.3172,0.3293,45.7813,1.1241,46.9054
60,50,16,90,0.2,4356,1.3081,0.3270,45.7385,1.1460,46.8845
30,60,16,90,0.2,3476,1.3285,0.3321,45.7783,1.0761,46.8545
40,60,16,90,0.2,3916,1.3172,0.3293,45.7507,1.1044,46.8550
50,60,16,90,0.2,4356,1.3081,0.3270,45.7354,1.1224,46.8577
60,60,16,90,0.2,4796,1.3007,0.3252,45.6992,1.1436,46.8428
30,30,8,135,0.2,1078,1.8905,0.4726,45.4252,1.3834,46.8086
40,30,8,135,0.2,1298,1.8629,0.4657,45.3829,1.3867,46.7696
50,30,8,135,0.2,1518,1.8432,0.4608,45.3549,1.3872,46.7421
60,30,8,135,0.2,1738,1.8285,0.4571,45.3167,1.3900,46.7067
30,40,8,135,0.2,1298,1.8629,0.4657,45.3937,1.3900,46.7837
40,40,8,135,0.2,1518,1.8432,0.4608,45.3589,1.3924,46.7513
50,40,8,135,0.2,1738,1.8285,0.4571,45.3360,1.3928,46.7288
60,40,8,135,0.2,1958,1.8172,0.4543,45.3037,1.3951,46.6987
30,50,8,135,0.2,1518,1.8432,0.4608,45.3726,1.3937,46.7663
40,50,8,135,0.2,1738,1.8285,0.4571,45.3439,1.3956,46.7395
50,50,8,135,0.2,1958,1.8172,0.4543,45.3242,1.3958,46.7200
60,50,8,135,0.2,2178,1.8081,0.4520,45.2960,1.3979,46.6939
30,60,8,135,0.2,1738,1.8285,0.4571,45.2929,1.4158,46.7087
40,60,8,135,0.2,1958,1.8172,0.4543,45.2748,1.4153,46.6901
50,60,8,135,0.2,2178,1.8081,0.4520,45.2644,1.4132,46.6777
60,60,8,135,0.2,2398,1.8007,0.4502,45.2436,1.4129,46.6566
30,30,12,135,0.2,1617,1.5572,0.3893,45.6372,1.2542,46.8914
40,30,12,135,0.2,1947,1.5295,0.3824,45.6117,1.2528,46.8646
50,30,12,135,0.2,2277,1.5099,0.3775,45.5945,1.2504,46.8448
60,30,12,135,0.2,2607,1.4952,0.3738,45.5628,1.2508,46.8136
30,40,12,135,0.2,1947,1.5295,0.3824,45.6125,1.2572,46.8697
40,40,12,135,0.2,2277,1.5099,0.3775,45.5908,1.2565,46.8473
50,40,12,135,0.2,2607,1.4952,0.3738,45.5770,1.2542,46.8311
60,40,12,135,0.2,2937,1.4838,0.3710,45.5507,1.2546,46.8053
30,50,12,135,0.2,2277,1.5099,0.3775,45.5979,1.2583,46.8561
40,50,12,135,0.2,2607,1.4952,0.3738,45.5789,1.2577,46.8367
50,50,12,135,0.2,2937,1.4838,0.3710,45.5668,1.2559,46.8227
60,50,12,135,0.2,3267,1.4747,0.3687,45.5431,1.2573,46.8004
30,60,12,135,0.2,2607,1.4952,0.3738,45.5238,1.2776,46.8014
40,60,12,135,0.2,2937,1.4838,0.3710,45.5135,1.2754,46.7889
50,60,12,135,0.2,3267,1.4747,0.3687,45.5072,1.2731,46.7803
60,60,12,135,0.2,3597,1.4673,0.3668,45.4898,1.2717,46.7615
30,30,16,135,0.2,2156,1.3905,0.3476,45.7153,1.2014,46.9166
40,30,16,135,0.2,2596,1.3629,0.3407,45.6975,1.1969,46.8944
50,30,16,135,0.2,3036,1.3432,0.3358,45.6858,1.1932,46.8790
60,30,16,135,0.2,3476,1.3285,0.3321,45.6604,1.1920,46.8524
30,40,16,135,0.2,2596,1.3629,0.3407,45.6967,1.2019,46.8986
40,40,16,135,0.2,3036,1.3432,0.3358,45.6793,1.2002,46.8795
50,40,16,135,0.2,3476,1.3285,0.3321,45.6707,1.1959,46.8666
60,40,16,135,0.2,3916,1.3172,0.3293,45.6488,1.1948,46.8436
30,50,16,135,0.2,3036,1.3432,0.3358,45.6846,1.2020,46.8866
40,50,16,135,0.2,3476,1.3285,0.3321,45.6701,1.1998,46.8699
50,50,16,135,0.2,3916,1.3172,0.3293,45.6621,1.1965,46.8586
60,50,16,135,0.2,4356,1.3081,0.3270,45.6431,1.1955,46.8386
30,60,16,135,0.2,3476,1.3285,0.3321,45.6144,1.2198,46.8341
40,60,16,135,0.2,3916,1.3172,0.3293,45.6070,1.2163,46.8233
50,60,16,135,0.2,4356,1.3081,0.3270,45.6049,1.2112,46.8161
60,60,16,135,0.2,4796,1.3007,0.3252,45.5911,1.2092,46.8003
30,30,8,180,0.2,1078,1.8905,0.4726,45.5394,1.3118,46.8512
40,30,8,180,0.2,1298,1.8629,0.4657,45.5256,1.2877,46.8133
50,30,8,180,0.2,1518,1.8432,0.4608,45.5157,1.2676,46.7833
60,30,8,180,0.2,1738,1.8285,0.4571,45.4952,1.2517,46.7468
30,40,8,180,0.2,1298,1.8629,0.4657,45.4941,1.3393,46.8334
40,40,8,180,0.2,1518,1.8432,0.4608,45.4876,1.3150,46.8025
50,40,8,180,0.2,1738,1.8285,0.4571,45.4830,1.2952,46.7782
60,40,8,180,0.2,1958,1.8172,0.4543,45.4696,1.2793,46.7489
30,50,8,180,0.2,1518,1.8432,0.4608,45.4580,1.3614,46.8194
40,50,8,180,0.2,1738,1.8285,0.4571,45.4584,1.3366,46.7950
50,50,8,180,0.2,1958,1.8172,0.4543,45.4600,1.3162,46.7762
60,50,8,180,0.2,2178,1.8081,0.4520,45.4490,1.2998,46.7488
30,60,8,180,0.2,1738,1.8285,0.4571,45.3923,1.3849,46.7772
40,60,8,180,0.2,1958,1.8172,0.4543,45.4008,1.3606,46.7613
50,60,8,180,0.2,2178,1.8081,0.4520,45.4089,1.3391,46.7480
60,60,8,180,0.2,2398,1.8007,0.4502,45.4056,1.3218,46.7275
30,30,12,180,0.2,1617,1.5572,0.3893,45.7446,1.1871,46.9316
40,30,12,180,0.2,1947,1.5295,0.3824,45.7445,1.1595,46.9040
50,30,12,180,0.2,2277,1.5099,0.3775,45.7488,1.1362,46.8849
60,30,12,180,0.2,2607,1.4952,0.3738,45.7396,1.1161,46.8557
30,40,12,180,0.2,1947,1.5295,0.3824,45.7057,1.2117,46.9173
40,40,12,180,0.2,2277,1.5099,0.3775,45.7081,1.1847,46.8928
50,40,12,180,0.2,2607,1.4952,0.3738,45.7155,1.1623,46.8778
60,40,12,180,0.2,2937,1.4838,0.3710,45.7115,1.1441,46.8556
30,50,12,180,0.2,2277,1.5099,0.3775,45.6766,1.2310,46.9076
40,50,12,180,0.2,2607,1.4952,0.3738,45.6823,1.2046,46.8869
50,50,12,180,0.2,2937,1.4838,0.3710,45.6915,1.1825,46.8740
60,50,12,180,0.2,3267,1.4747,0.3687,45.6905,1.1638,46.8543
30,60,12,180,0.2,2607,1.4952,0.3738,45.6186,1.2512,46.8698
40,60,12,180,0.2,2937,1.4838,0.3710,45.6320,1.2268,46.8587
50,60,12,180,0.2,3267,1.4747,0.3687,45.6452,1.2037,46.8488
60,60,12,180,0.2,3597,1.4673,0.3668,45.6468,1.1850,46.8318
30,30,16,180,0.2,2156,1.3905,0.3476,45.8192,1.1354,46.9546
40,30,16,180,0.2,2596,1.3629,0.3407,45.8231,1.1056,46.9287
50,30,16,180,0.2,3036,1.3432,0.3358,45.8343,1.0791,46.9134
60,30,16,180,0.2,3476,1.3285,0.3321,45.8332,1.0589,46.8921
30,40,16,180,0.2,2596,1.3629,0.3407,45.7862,1.1584,46.9446
40,40,16,180,0.2,3036,1.3432,0.3358,45.7899,1.1306,46.9205
50,40,16,180,0.2,3476,1.3285,0.3321,45.8011,1.1064,46.9075
60,40,16,180,0.2,3916,1.3172,0.3293,45.8015,1.0875,46.8890
30,50,16,180,0.2,3036,1.3432,0.3358,45.7604,1.1759,46.9363
40,50,16,180,0.2,3476,1.3285,0.3321,45.7687,1.1505,46.9192
50,50,16,180,0.2,3916,1.3172,0.3293,45.7777,1.1266,46.9043
60,50,16,180,0.2,4356,1.3081,0.3270,45.7812,1.1069,46.8881
30,60,16,180,0.2,3476,1.3285,0.3321,45.7062,1.1961,46.9023
40,60,16,180,0.2,3916,1.3172,0.3293,45.7189,1.1714,46.8903
50,60,16,180,0.2,4356,1.3081,0.3270,45.7347,1.1481,46.8829
60,60,16,180,0.2,4796,1.3007,0.3252,45.7383,1.1274,46.8657
30,30,8,225,0.2,1078,1.8905,0.4726,45.3489,1.3972,46.7461
40,30,8,225,0.2,1298,1.8629,0.4657,45.3254,1.4021,46.7275
50,30,8,225,0.2,1518,1.8432,0.4608,45.3132,1.4068,46.7200
60,30,8,225,0.2,1738,1.8285,0.4571,45.2875,1.4109,46.6985
30,40,8,225,0.2,1298,1.8629,0.4657,45.3157,1.3990,46.7148
40,40,8,225,0.2,1518,1.8432,0.4608,45.2951,1.4043,46.6994
50,40,8,225,0.2,1738,1.8285,0.4571,45.2878,1.4078,46.6956
60,40,8,225,0.2,1958,1.8172,0.4543,45.2660,1.4120,46.6780
30,50,8,225,0.2,1518,1.8432,0.4608,45.2939,1.4004,46.6943
40,50,8,225,0.2,1738,1.8285,0.4571,45.2778,1.4051,46.6829
50,50,8,225,0.2,1958,1.8172,0.4543,45.2719,1.4082,46.6801
60,50,8,225,0.2,2178,1.8081,0.4520,45.2530,1.4116,46.6646
30,60,8,225,0.2,1738,1.8285,0.4571,45.2642,1.4025,46.6667
40,60,8,225,0.2,1958,1.8172,0.4543,45.2508,1.4073,46.6580
50,60,8,225,0.2,2178,1.8081,0.4520,45.2473,1.4096,46.6569
60,60,8,225,0.2,2398,1.8007,0.4502,45.2317,1.4122,46.6439
30,30,12,225,0.2,1617,1.5572,0.3893,45.5684,1.2566,46.8250
40,30,12,225,0.2,1947,1.5295,0.3824,45.5485,1.2611,46.8097
50,30,12,225,0.2,2277,1.5099,0.3775,45.5378,1.2647,46.8025
60,30,12,225,0.2,2607,1.4952,0.3738,45.5157,1.2681,46.7839
30,40,12,225,0.2,1947,1.5295,0.3824,45.5435,1.2572,46.8007
40,40,12,225,0.2,2277,1.5099,0.3775,45.5237,1.2626,46.7863
50,40,12,225,0.2,2607,1.4952,0.3738,45.5158,1.2653,46.7812
60,40,12,225,0.2,2937,1.4838,0.3710,45.4969,1.2689,46.7658
30,50,12,225,0.2,2277,1.5099,0.3775,45.5303,1.2572,46.7875
40,50,12,225,0.2,2607,1.4952,0.3738,45.5122,1.2623,46.7745
50,50,12,225,0.2,2937,1.4838,0.3710,45.5031,1.2663,46.7694
60,50,12,225,0.2,3267,1.4747,0.3687,45.4869,1.2692,46.7561
30,60,12,225,0.2,2607,1.4952,0.3738,45.5049,1.2582,46.7632
40,60,12,225,0.2,2937,1.4838,0.3710,45.4899,1.2633,46.7532
50,60,12,225,0.2,3267,1.4747,0.3687,45.4842,1.2659,46.7501
60,60,12,225,0.2,3597,1.4673,0.3668,45.4686,1.2693,46.7379
30,30,16,225,0.2,2156,1.3905,0.3476,45.6574,1.1924,46.8497
40,30,16,225,0.2,2596,1.3629,0.3407,45.6378,1.1968,46.8346
50,30,16,225,0.2,3036,1.3432,0.3358,45.6277,1.2016,46.8294
60,30,16,225,0.2,3476,1.3285,0.3321,45.6087,1.2046,46.8133
30,40,16,225,0.2,2596,1.3629,0.3407,45.6352,1.1920,46.8272
40,40,16,225,0.2,3036,1.3432,0.3358,45.6144,1.1986,46.8130
50,40,16,225,0.2,3476,1.3285,0.3321,45.6070,1.2016,46.8086
60,40,16,225,0.2,3916,1.3172,0.3293,45.5894,1.2051,46.7945
30,50,16,225,0.2,3036,1.3432,0.3358,45.6260,1.1918,46.8179
40,50,16,225,0.2,3476,1.3285,0.3321,45.6055,1.1982,46.8037
50,50,16,225,0.2,3916,1.3172,0.3293,45.5969,1.2012,46.7981
60,50,16,225,0.2,4356,1.3081,0.3270,45.5816,1.2043,46.7858
30,60,16,225,0.2,3476,1.3285,0.3321,45.6040,1.1936,46.7976
40,60,16,225,0.2,3916,1.3172,0.3293,45.5868,1.1988,46.7855
50,60,16,225,0.2,4356,1.3081,0.3270,45.5798,1.2015,46.7813
60,60,16,225,0.2,4796,1.3007,0.3252,45.5655,1.2039,46.7694
30,30,8,270,0.2,1078,1.8905,0.4726,45.5377,1.3145,46.8522
40,30,8,270,0.2,1298,1.8629,0.4657,45.4928,1.3417,46.8345
50,30,8,270,0.2,1518,1.8432,0.4608,45.4577,1.3633,46.8211
60,30,8,270,0.2,1738,1.8285,0.4571,45.3975,1.3852,46.7827
30,40,8,270,0.2,1298,1.8629,0.4657,45.5229,1.2898,46.8127
40,40,8,270,0.2,1518,1.8432,0.4608,45.4839,1.3172,46.8011
50,40,8,270,0.2,1738,1.8285,0.4571,45.4582,1.3382,46.7964
60,40,8,270,0.2,1958,1.8172,0.4543,45.4047,1.3620,46.7667
30,50,8,270,0.2,1518,1.8432,0.4608,45.5136,1.2703,46.7839
40,50,8,270,0.2,1738,1.8285,0.4571,45.4811,1.2966,46.7777
50,50,8,270,0.2,1958,1.8172,0.4543,45.4571,1.3179,46.7749
60,50,8,270,0.2,2178,1.8081,0.4520,45.4125,1.3403,46.7528
30,60,8,270,0.2,1738,1.8285,0.4571,45.4939,1.2540,46.7478
40,60,8,270,0.2,1958,1.8172,0.4543,45.4673,1.2806,46.7479
50,60,8,270,0.2,2178,1.8081,0.4520,45.4478,1.3009,46.7487
60,60,8,270,0.2,2398,1.8007,0.4502,45.4087,1.3221,46.7308
30,30,12,270,0.2,1617,1.5572,0.3893,45.7380,1.1914,46.9294
40,30,12,270,0.2,1947,1.5295,0.3824,45.6985,1.2153,46.9138
50,30,12,270,0.2,2277,1.5099,0.3775,45.6725,1.2341,46.9065
60,30,12,270,0.2,2607,1.4952,0.3738,45.6177,1.2537,46.8714
30,40,12,270,0.2,1947,1.5295,0.3824,45.7396,1.1632,46.9028
40,40,12,270,0.2,2277,1.5099,0.3775,45.7034,1.1884,46.8919
50,40,12,270,0.2,2607,1.4952,0.3738,45.6783,1.2077,46.8860
60,40,12,270,0.2,2937,1.4838,0.3710,45.6324,1.2289,46.8612
30,50,12,270,0.2,2277,1.5099,0.3775,45.7442,1.1393,46.8834
40,50,12,270,0.2,2607,1.4952,0.3738,45.7116,1.1654,46.8769
50,50,12,270,0.2,2937,1.4838,0.3710,45.6882,1.1853,46.8735
60,50,12,270,0.2,3267,1.4747,0.3687,45.6430,1.2057,46.8486
30,60,12,270,0.2,2607,1.4952,0.3738,45.7359,1.1197,46.8556
40,60,12,270,0.2,2937,1.4838,0.3710,45.7079,1.1468,46.8547
50,60,12,270,0.2,3267,1.4747,0.3687,45.6874,1.1663,46.8537
60,60,12,270,0.2,3597,1.4673,0.3668,45.6467,1.1869,46.8336
30,30,16,270,0.2,2156,1.3905,0.3476,45.8098,1.1404,46.9502
40,30,16,270,0.2,2596,1.3629,0.3407,45.7786,1.1627,46.9413
50,30,16,270,0.2,3036,1.3432,0.3358,45.7537,1.1800,46.9337
60,30,16,270,0.2,3476,1.3285,0.3321,45.7035,1.1988,46.9024
30,40,16,270,0.2,2596,1.3629,0.3407,45.8157,1.1107,46.9265
40,40,16,270,0.2,3036,1.3432,0.3358,45.7825,1.1352,46.9178
50,40,16,270,0.2,3476,1.3285,0.3321,45.7624,1.1548,46.9172
60,40,16,270,0.2,3916,1.3172,0.3293,45.7167,1.1745,46.8911
30,50,16,270,0.2,3036,1.3432,0.3358,45.8287,1.0837,46.9124
40,50,16,270,0.2,3476,1.3285,0.3321,45.7938,1.1118,46.9056
50,50,16,270,0.2,3916,1.3172,0.3293,45.7722,1.1305,46.9027
60,50,16,270,0.2,4356,1.3081,0.3270,45.7322,1.1519,46.8840
30,60,16,270,0.2,3476,1.3285,0.3321,45.8281,1.0628,46.8909
40,60,16,270,0.2,3916,1.3172,0.3293,45.7958,1.0915,46.8874
50,60,16,270,0.2,4356,1.3081,0.3270,45.7762,1.1105,46.8867
60,60,16,270,0.2,4796,1.3007,0.3252,45.7359,1.1311,46.8670
30,30,8,315,0.2,1078,1.8905,0.4726,45.4231,1.3823,46.8053
40,30,8,315,0.2,1298,1.8629,0.4657,45.3816,1.3855,46.7672
50,30,8,315,0.2,1518,1.8432,0.4608,45.3535,1.3864,46.7399
60,30,8,315,0.2,1738,1.8285,0.4571,45.2760,1.4028,46.6788
30,40,8,315,0.2,1298,1.8629,0.4657,45.3916,1.3893,46.7809
40,40,8,315,0.2,1518,1.8432,0.4608,45.3573,1.3918,46.7491
50,40,8,315,0.2,1738,1.8285,0.4571,45.3345,1.3923,46.7268
60,40,8,315,0.2,1958,1.8172,0.4543,45.2654,1.4065,46.6719
30,50,8,315,0.2,1518,1.8432,0.4608,45.3711,1.3929,46.7640
40,50,8,315,0.2,1738,1.8285,0.4571,45.3427,1.3948,46.7375
50,50,8,315,0.2,1958,1.8172,0.4543,45.3230,1.3953,46.7183
60,50,8,315,0.2,2178,1.8081,0.4520,45.2615,1.4079,46.6694
30,60,8,315,0.2,1738,1.8285,0.4571,45.3385,1.3984,46.7369
40,60,8,315,0.2,1958,1.8172,0.4543,45.3161,1.3995,46.7156
50,60,8,315,0.2,2178,1.8081,0.4520,45.3015,1.3990,46.7006
60,60,8,315,0.2,2398,1.8007,0.4502,45.2490,1.4099,46.6589
30,30,12,315,0.2,1617,1.5572,0.3893,45.6359,1.2532,46.8891
40,30,12,315,0.2,1947,1.5295,0.3824,45.6106,1.2519,46.8625
50,30,12,315,0.2,2277,1.5099,0.3775,45.5935,1.2499,46.8433
60,30,12,315,0.2,2607,1.4952,0.3738,45.5205,1.2638,46.7842
30,40,12,315,0.2,1947,1.5295,0.3824,45.6114,1.2565,46.8679
40,40,12,315,0.2,2277,1.5099,0.3775,45.5898,1.2558,46.8456
50,40,12,315,0.2,2607,1.4952,0.3738,45.5760,1.2537,46.8297
60,40,12,315,0.2,2937,1.4838,0.3710,45.5129,1.2661,46.7790
30,50,12,315,0.2,2277,1.5099,0.3775,45.5970,1.2575,46.8546
40,50,12,315,0.2,2607,1.4952,0.3738,45.5783,1.2570,46.8353
50,50,12,315,0.2,2937,1.4838,0.3710,45.5660,1.2554,46.8215
60,50,12,315,0.2,3267,1.4747,0.3687,45.5099,1.2665,46.7764
30,60,12,315,0.2,2607,1.4952,0.3738,45.5694,1.2606,46.8300
40,60,12,315,0.2,2937,1.4838,0.3710,45.5539,1.2610,46.8149
50,60,12,315,0.2,3267,1.4747,0.3687,45.5457,1.2582,46.8038
60,60,12,315,0.2,3597,1.4673,0.3668,45.4949,1.2690,46.7639
30,30,16,315,0.2,2156,1.3905,0.3476,45.7144,1.2004,46.9148
40,30,16,315,0.2,2596,1.3629,0.3407,45.6967,1.1961,46.8928
50,30,16,315,0.2,3036,1.3432,0.3358,45.6857,1.1916,46.8773
60,30,16,315,0.2,3476,1.3285,0.3321,45.6183,1.2052,46.8235
30,40,16,315,0.2,2596,1.3629,0.3407,45.6963,1.2011,46.8973
40,40,16,315,0.2,3036,1.3432,0.3358,45.6796,1.1982,46.8778
50,40,16,315,0.2,3476,1.3285,0.3321,45.6701,1.1955,46.8656
60,40,16,315,0.2,3916,1.3172,0.3293,45.6115,1.2067,46.8182
30,50,16,315,0.2,3036,1.3432,0.3358,45.6853,1.1999,46.8852
40,50,16,315,0.2,3476,1.3285,0.3321,45.6698,1.1990,46.8689
50,50,16,315,0.2,3916,1.3172,0.3293,45.6616,1.1961,46.8576
60,50,16,315,0.2,4356,1.3081,0.3270,45.6094,1.2061,46.8155
30,60,16,315,0.2,3476,1.3285,0.3321,45.6601,1.2025,46.8626
40,60,16,315,0.2,3916,1.3172,0.3293,45.6486,1.2010,46.8496
50,60,16,315,0.2,4356,1.3081,0.3270,45.6431,1.1978,46.8409
60,60,16,315,0.2,4796,1.3007,0.3252,45.5956,1.2067,46.8023
30,30,8,0,0.3,1078,1.8905,0.4726,46.5300,1.0550,47.5849
40,30,8,0,0.3,1298,1.8629,0.4657,46.5303,1.0317,47.5620
50,30,8,0,0.3,1518,1.8432,0.4608,46.5296,1.0139,47.5435
60,30,8,0,0.3,1738,1.8285,0.4571,46.4542,1.0202,47.4744
30,40,8,0,0.3,1298,1.8629,0.4657,46.4589,1.0885,47.5474
40,40,8,0,0.3,1518,1.8432,0.4608,46.4703,1.0633,47.5335
50,40,8,0,0.3,1738,1.8285,0.4571,46.4798,1.0428,47.5226
60,40,8,0,0.3,1958,1.8172,0.4543,46.4187,1.0479,47.4666
30,50,8,0,0.3,1518,1.8432,0.4608,46.4073,1.1146,47.5219
40,50,8,0,0.3,1738,1.8285,0.4571,46.4243,1.0887,47.5130
50,50,8,0,0.3,1958,1.8172,0.4543,46.4393,1.0674,47.5066
60,50,8,0,0.3,2178,1.8081,0.4520,46.3899,1.0681,47.4579
30,60,8,0,0.3,1738,1.8285,0.4571,46.3324,1.1419,47.4743
40,60,8,0,0.3,1958,1.8172,0.4543,46.3569,1.1160,47.4729
50,60,8,0,0.3,2178,1.8081,0.4520,46.3780,1.0946,47.4726
60,60,8,0,0.3,2398,1.8007,0.4502,46.3386,1.0931,47.4317
30,30,12,0,0.3,1617,1.5572,0.3893,46.6931,0.9324,47.6256
40,30,12,0,0.3,1947,1.5295,0.3824,46.7081,0.9054,47.6135
50,30,12,0,0.3,2277,1.5099,0.3775,46.7208,0.8843,47.6051
60,30,12,0,0.3,2607,1.4952,0.3738,46.6590,0.8871,47.5462
30,40,12,0,0.3,1947,1.5295,0.3824,46.6245,0.9618,47.5863
40,40,12,0,0.3,2277,1.5099,0.3775,46.6480,0.9352,47.5832
50,40,12,0,0.3,2607,1.4952,0.3738,46.6675,0.9123,47.5798
60,40,12,0,0.3,2937,1.4838,0.3710,46.6185,0.9135,47.5320
30,50,12,0,0.3,2277,1.5099,0.3775,46.5739,0.9863,47.5602
40,50,12,0,0.3,2607,1.4952,0.3738,46.6016,0.9585,47.5601
50,50,12,0,0.3,2937,1.4838,0.3710,46.6249,0.9359,47.5608
60,50,12,0,0.3,3267,1.4747,0.3687,46.5870,0.9350,47.5219
30,60,12,0,0.3,2607,1.4952,0.3738,46.5031,1.0112,47.5143
40,60,12,0,0.3,2937,1.4838,0.3710,46.5354,0.9845,47.5198
50,60,12,0,0.3,3267,1.4747,0.3687,46.5635,0.9602,47.5238
60,60,12,0,0.3,3597,1.4673,0.3668,46.5342,0.9574,47.4916
30,30,16,0,0.3,2156,1.3905,0.3476,46.7510,0.8801,47.6312
40,30,16,0,0.3,2596,1.3629,0.3407,46.7724,0.8514,47.6238
50,30,16,0,0.3,3036,1.3432,0.3358,46.7914,0.8266,47.6180
60,30,16,0,0.3,3476,1.3285,0.3321,46.7382,0.8274,47.5656
30,40,16,0,0.3,2596,1.3629,0.3407,46.6859,0.9076,47.5935
40,40,16,0,0.3,3036,1.3432,0.3358,46.7114,0.8810,47.5924
50,40,16,0,0.3,3476,1.3285,0.3321,46.7358,0.8575,47.5933
60,40,16,0,0.3,3916,1.3172,0.3293,46.6925,0.8575,47.5499
30,50,16,0,0.3,3036,1.3432,0.3358,46.6383,0.9299,47.5682
40,50,16,0,0.3,3476,1.3285,0.3321,46.6672,0.9029,47.5701
50,50,16,0,0.3,3916,1.3172,0.3293,46.6937,0.8792,47.5730
60,50,16,0,0.3,4356,1.3081,0.3270,46.6599,0.8775,47.5374
30,60,16,0,0.3,3476,1.3285,0.3321,46.5697,0.9540,47.5237
40,60,16,0,0.3,3916,1.3172,0.3293,46.6028,0.9278,47.5306
50,60,16,0,0.3,4356,1.3081,0.3270,46.6339,0.9035,47.5374
60,60,16,0,0.3,4796,1.3007,0.3252,46.6076,0.8998,47.5074
30,30,8,45,0.3,1078,1.8905,0.4726,46.4009,1.1218,47.5227
40,30,8,45,0.3,1298,1.8629,0.4657,46.3557,1.1349,47.4906
50,30,8,45,0.3,1518,1.8432,0.4608,46.3257,1.1429,47.4686
60,30,8,45,0.3,1738,1.8285,0.4571,46.2389,1.1687,47.4076
30,40,8,45,0.3,1298,1.8629,0.4657,46.3609,1.1314,47.4923
40,40,8,45,0.3,1518,1.8432,0.4608,46.3244,1.1411,47.4655
50,40,8,45,0.3,1738,1.8285,0.4571,46.3004,1.1485,47.4489
60,40,8,45,0.3,1958,1.8172,0.4543,46.2250,1.1713,47.3963
30,50,8,45,0.3,1518,1.8432,0.4608,46.3333,1.1374,47.4707
40,50,8,45,0.3,1738,1.8285,0.4571,46.3039,1.1460,47.4500
50,50,8,45,0.3,1958,1.8172,0.4543,46.2839,1.1526,47.4365
60,50,8,45,0.3,2178,1.8081,0.4520,46.2161,1.1713,47.3874
30,60,8,45,0.3,1738,1.8285,0.4571,46.2412,1.1623,47.4034
40,60,8,45,0.3,1958,1.8172,0.4543,46.2244,1.1671,47.3915
50,60,8,45,0.3,2178,1.8081,0.4520,46.2150,1.1712,47.3862
60,60,8,45,0.3,2398,1.8007,0.4502,46.1584,1.1881,47.3465
30,30,12,45,0.3,1617,1.5572,0.3893,46.5844,0.9835,47.5680
40,30,12,45,0.3,1947,1.5295,0.3824,46.5414,0.9943,47.5356
50,30,12,45,0.3,2277,1.5099,0.3775,46.5127,1.0023,47.5149
60,30,12,45,0.3,2607,1.4952,0.3738,46.4326,1.0273,47.4599
30,40,12,45,0.3,1947,1.5295,0.3824,46.5535,0.9900,47.5435
40,40,12,45,0.3,2277,1.5099,0.3775,46.5161,1.0005,47.5165
50,40,12,45,0.3,2607,1.4952,0.3738,46.4922,1.0071,47.4992
60,40,12,45,0.3,2937,1.4838,0.3710,46.4205,1.0295,47.4500
30,50,12,45,0.3,2277,1.5099,0.3775,46.5339,0.9950,47.5290
40,50,12,45,0.3,2607,1.4952,0.3738,46.5015,1.0043,47.5058
50,50,12,45,0.3,2937,1.4838,0.3710,46.4800,1.0103,47.4903
60,50,12,45,0.3,3267,1.4747,0.3687,46.4153,1.0301,47.4453
30,60,12,45,0.3,2607,1.4952,0.3738,46.4523,1.0191,47.4714
40,60,12,45,0.3,2937,1.4838,0.3710,46.4307,1.0255,47.4562
50,60,12,45,0.3,3267,1.4747,0.3687,46.4177,1.0290,47.4467
60,60,12,45,0.3,3597,1.4673,0.3668,46.3622,1.0458,47.4080
30,30,16,45,0.3,2156,1.3905,0.3476,46.6635,0.9186,47.5821
40,30,16,45,0.3,2596,1.3629,0.3407,46.6195,0.9292,47.5487
50,30,16,45,0.3,3036,1.3432,0.3358,46.5914,0.9375,47.5288
60,30,16,45,0.3,3476,1.3285,0.3321,46.5140,0.9611,47.4751
30,40,16,45,0.3,2596,1.3629,0.3407,46.6337,0.9247,47.5583
40,40,16,45,0.3,3036,1.3432,0.3358,46.5950,0.9344,47.5294
50,40,16,45,0.3,3476,1.3285,0.3321,46.5713,0.9412,47.5125
60,40,16,45,0.3,3916,1.3172,0.3293,46.5021,0.9630,47.4650
30,50,16,45,0.3,3036,1.3432,0.3358,46.6165,0.9290,47.5455
40,50,16,45,0.3,3476,1.3285,0.3321,46.5823,0.9377,47.5199
50,50,16,45,0.3,3916,1.3172,0.3293,46.5611,0.9439,47.5050
60,50,16,45,0.3,4356,1.3081,0.3270,46.4977,0.9637,47.4614
30,60,16,45,0.3,3476,1.3285,0.3321,46.5377,0.9535,47.4912
40,60,16,45,0.3,3916,1.3172,0.3293,46.5146,0.9588,47.4734
50,60,16,45,0.3,4356,1.3081,0.3270,46.5008,0.9627,47.4635
60,60,16,45,0.3,4796,1.3007,0.3252,46.4457,0.9796,47.4253
30,30,8,90,0.3,1078,1.8905,0.4726,46.5237,1.0571,47.5808
40,30,8,90,0.3,1298,1.8629,0.4657,46.4538,1.0908,47.5446
50,30,8,90,0.3,1518,1.8432,0.4608,46.4028,1.1170,47.5198
60,30,8,90,0.3,1738,1.8285,0.4571,46.3309,1.1428,47.4737
30,40,8,90,0.3,1298,1.8629,0.4657,46.5258,1.0347,47.5606
40,40,8,90,0.3,1518,1.8432,0.4608,46.4667,1.0647,47.5314
50,40,8,90,0.3,1738,1.8285,0.4571,46.4207,1.0911,47.5118
60,40,8,90,0.3,1958,1.8172,0.4543,46.3563,1.1169,47.4732
30,50,8,90,0.3,1518,1.8432,0.4608,46.5266,1.0154,47.5420
40,50,8,90,0.3,1738,1.8285,0.4571,46.4765,1.0455,47.5221
50,50,8,90,0.3,1958,1.8172,0.4543,46.4369,1.0682,47.5050
60,50,8,90,0.3,2178,1.8081,0.4520,46.3763,1.0949,47.4713
30,60,8,90,0.3,1738,1.8285,0.4571,46.4458,1.0248,47.4706
40,60,8,90,0.3,1958,1.8172,0.4543,46.4104,1.0516,47.4620
50,60,8,90,0.3,2178,1.8081,0.4520,46.3827,1.0714,47.4540
60,60,8,90,0.3,2398,1.8007,0.4502,46.3329,1.0960,47.4289
30,30,12,90,0.3,1617,1.5572,0.3893,46.6802,0.9359,47.6162
40,30,12,90,0.3,1947,1.5295,0.3824,46.6135,0.9656,47.5791
50,30,12,90,0.3,2277,1.5099,0.3775,46.5641,0.9888,47.5530
60,30,12,90,0.3,2607,1.4952,0.3738,46.4978,1.0130,47.5108
30,40,12,90,0.3,1947,1.5295,0.3824,46.6985,0.9084,47.6069
40,40,12,90,0.3,2277,1.5099,0.3775,46.6387,0.9384,47.5771
50,40,12,90,0.3,2607,1.4952,0.3738,46.5929,0.9615,47.5544
60,40,12,90,0.3,2937,1.4838,0.3710,46.5301,0.9869,47.5171
30,50,12,90,0.3,2277,1.5099,0.3775,46.7130,0.8864,47.5994
40,50,12,90,0.3,2607,1.4952,0.3738,46.6600,0.9146,47.5746
50,50,12,90,0.3,2937,1.4838,0.3710,46.6180,0.9380,47.5560
60,50,12,90,0.3,3267,1.4747,0.3687,46.5592,0.9624,47.5216
30,60,12,90,0.3,2607,1.4952,0.3738,46.6461,0.8924,47.5384
40,60,12,90,0.3,2937,1.4838,0.3710,46.6064,0.9183,47.5246
50,60,12,90,0.3,3267,1.4747,0.3687,46.5757,0.9393,47.5150
60,60,12,90,0.3,3597,1.4673,0.3668,46.5259,0.9615,47.4875
30,30,16,90,0.3,2156,1.3905,0.3476,46.7347,0.8847,47.6193
40,30,16,90,0.3,2596,1.3629,0.3407,46.6711,0.9128,47.5839
50,30,16,90,0.3,3036,1.3432,0.3358,46.6252,0.9330,47.5583
60,30,16,90,0.3,3476,1.3285,0.3321,46.5621,0.9560,47.5181
30,40,16,90,0.3,2596,1.3629,0.3407,46.7585,0.8561,47.6147
40,40,16,90,0.3,3036,1.3432,0.3358,46.6982,0.8851,47.5833
50,40,16,90,0.3,3476,1.3285,0.3321,46.6550,0.9071,47.5620
60,40,16,90,0.3,3916,1.3172,0.3293,46.5948,0.9302,47.5250
30,50,16,90,0.3,3036,1.3432,0.3358,46.7806,0.8295,47.6101
40,50,16,90,0.3,3476,1.3285,0.3321,46.7243,0.8609,47.5853
50,50,16,90,0.3,3916,1.3172,0.3293,46.6836,0.8830,47.5666
60,50,16,90,0.3,4356,1.3081,0.3270,46.6270,0.9053,47.5323
30,60,16,90,0.3,3476,1.3285,0.3321,46.7233,0.8331,47.5563
40,60,16,90,0.3,3916,1.3172,0.3293,46.6779,0.8633,47.5412
50,60,16,90,0.3,4356,1.3081,0.3270,46.6461,0.8830,47.5291
60,60,16,90,0.3,4796,1.3007,0.3252,46.5970,0.9043,47.5013
30,30,8,135,0.3,1078,1.8905,0.4726,46.3888,1.1435,47.5323
40,30,8,135,0.3,1298,1.8629,0.4657,46.3561,1.1469,47.5030
50,30,8,135,0.3,1518,1.8432,0.4608,46.3332,1.1486,47.4818
60,30,8,135,0.3,1738,1.8285,0.4571,46.2990,1.1517,47.4507
30,40,8,135,0.3,1298,1.8629,0.4657,46.3519,1.1507,47.5025
40,40,8,135,0.3,1518,1.8432,0.4608,46.3261,1.1545,47.4806
50,40,8,135,0.3,1738,1.8285,0.4571,46.3090,1.1552,47.4642
60,40,8,135,0.3,1958,1.8172,0.4543,46.2807,1.1567,47.4374
30,50,8,135,0.3,1518,1.8432,0.4608,46.3257,1.1552,47.4808
40,50,8,135,0.3,1738,1.8285,0.4571,46.3055,1.1578,47.4633
50,50,8,135,0.3,1958,1.8172,0.4543,46.2905,1.1588,47.4493
60,50,8,135,0.3,2178,1.8081,0.4520,46.2671,1.1604,47.4275
30,60,8,135,0.3,1738,1.8285,0.4571,46.2371,1.1806,47.4177
40,60,8,135,0.3,1958,1.8172,0.4543,46.2268,1.1809,47.4077
50,60,8,135,0.3,2178,1.8081,0.4520,46.2209,1.1790,47.3999
60,60,8,135,0.3,2398,1.8007,0.4502,46.2045,1.1784,47.3829
30,30,12,135,0.3,1617,1.5572,0.3893,46.5502,1.0164,47.5667
40,30,12,135,0.3,1947,1.5295,0.3824,46.5307,1.0164,47.5471
50,30,12,135,0.3,2277,1.5099,0.3775,46.5190,1.0147,47.5337
60,30,12,135,0.3,2607,1.4952,0.3738,46.4957,1.0152,47.5110
30,40,12,135,0.3,1947,1.5295,0.3824,46.5181,1.0207,47.5388
40,40,12,135,0.3,2277,1.5099,0.3775,46.5028,1.0212,47.5240
50,40,12,135,0.3,2607,1.4952,0.3738,46.4952,1.0196,47.5148
60,40,12,135,0.3,2937,1.4838,0.3710,46.4763,1.0200,47.4963
30,50,12,135,0.3,2277,1.5099,0.3775,46.4971,1.0223,47.5194
40,50,12,135,0.3,2607,1.4952,0.3738,46.4851,1.0232,47.5083
50,50,12,135,0.3,2937,1.4838,0.3710,46.4785,1.0217,47.5002
60,50,12,135,0.3,3267,1.4747,0.3687,46.4636,1.0219,47.4856
30,60,12,135,0.3,2607,1.4952,0.3738,46.4183,1.0459,47.4642
40,60,12,135,0.3,2937,1.4838,0.3710,46.4141,1.0446,47.4587
50,60,12,135,0.3,3267,1.4747,0.3687,46.4142,1.0415,47.4557
60,60,12,135,0.3,3597,1.4673,0.3668,46.4040,1.0397,47.4437
30,30,16,135,0.3,2156,1.3905,0.3476,46.6063,0.9643,47.5707
40,30,16,135,0.3,2596,1.3629,0.3407,46.5942,0.9612,47.5553
50,30,16,135,0.3,3036,1.3432,0.3358,46.5882,0.9571,47.5453
60,30,16,135,0.3,3476,1.3285,0.3321,46.5700,0.9558,47.5258
30,40,16,135,0.3,2596,1.3629,0.3407,46.5789,0.9659,47.5449
40,40,16,135,0.3,3036,1.3432,0.3358,46.5692,0.9643,47.5334
50,40,16,135,0.3,3476,1.3285,0.3321,46.5659,0.9603,47.5262
60,40,16,135,0.3,3916,1.3172,0.3293,46.5511,0.9592,47.5104
30,50,16,135,0.3,3036,1.3432,0.3358,46.5621,0.9654,47.5275
40,50,16,135,0.3,3476,1.3285,0.3321,46.5543,0.9640,47.5183
50,50,16,135,0.3,3916,1.3172,0.3293,46.5510,0.9618,47.5128
60,50,16,135,0.3,4356,1.3081,0.3270,46.5392,0.9602,47.4993
30,60,16,135,0.3,3476,1.3285,0.3321,46.4865,0.9867,47.4732
40,60,16,135,0.3,3916,1.3172,0.3293,46.4859,0.9842,47.4701
50,60,16,135,0.3,4356,1.3081,0.3270,46.4889,0.9801,47.4690
60,60,16,135,0.3,4796,1.3007,0.3252,46.4815,0.9778,47.4593
30,30,8,180,0.3,1078,1.8905,0.4726,46.5013,1.0738,47.5751
40,30,8,180,0.3,1298,1.8629,0.4657,46.5070,1.0462,47.5533
50,30,8,180,0.3,1518,1.8432,0.4608,46.5105,1.0270,47.5375
60,30,8,180,0.3,1738,1.8285,0.4571,46.5007,1.0079,47.5086
30,40,8,180,0.3,1298,1.8629,0.4657,46.4361,1.1039,47.5400
40,40,8,180,0.3,1518,1.8432,0.4608,46.4505,1.0775,47.5280
50,40,8,180,0.3,1738,1.8285,0.4571,46.4625,1.0541,47.5166
60,40,8,180,0.3,1958,1.8172,0.4543,46.4608,1.0369,47.4977
30,50,8,180,0.3,1518,1.8432,0.4608,46.3876,1.1277,47.5153
40,50,8,180,0.3,1738,1.8285,0.4571,46.4074,1.1002,47.5076
50,50,8,180,0.3,1958,1.8172,0.4543,46.4235,1.0783,47.5018
60,50,8,180,0.3,2178,1.8081,0.4520,46.4285,1.0576,47.4861
30,60,8,180,0.3,1738,1.8285,0.4571,46.3162,1.1527,47.4689
40,60,8,180,0.3,1958,1.8172,0.4543,46.3427,1.1261,47.4688
50,60,8,180,0.3,2178,1.8081,0.4520,46.3641,1.1031,47.4672
60,60,8,180,0.3,2398,1.8007,0.4502,46.3737,1.0825,47.4561
30,30,12,180,0.3,1617,1.5572,0.3893,46.6630,0.9501,47.6130
40,30,12,180,0.3,1947,1.5295,0.3824,46.6835,0.9197,47.6032
50,30,12,180,0.3,2277,1.5099,0.3775,46.6999,0.8964,47.5963
60,30,12,180,0.3,2607,1.4952,0.3738,46.7028,0.8746,47.5774
30,40,12,180,0.3,1947,1.5295,0.3824,46.5996,0.9778,47.5774
40,40,12,180,0.3,2277,1.5099,0.3775,46.6267,0.9479,47.5746
50,40,12,180,0.3,2607,1.4952,0.3738,46.6502,0.9232,47.5735
60,40,12,180,0.3,2937,1.4838,0.3710,46.6585,0.9037,47.5622
30,50,12,180,0.3,2277,1.5099,0.3775,46.5528,0.9995,47.5524
40,50,12,180,0.3,2607,1.4952,0.3738,46.5832,0.9701,47.5533
50,50,12,180,0.3,2937,1.4838,0.3710,46.6089,0.9456,47.5545
60,50,12,180,0.3,3267,1.4747,0.3687,46.6241,0.9237,47.5478
30,60,12,180,0.3,2607,1.4952,0.3738,46.4869,1.0228,47.5097
40,60,12,180,0.3,2937,1.4838,0.3710,46.5208,0.9945,47.5153
50,60,12,180,0.3,3267,1.4747,0.3687,46.5506,0.9691,47.5197
60,60,12,180,0.3,3597,1.4673,0.3668,46.5699,0.9472,47.5171
30,30,16,180,0.3,2156,1.3905,0.3476,46.7189,0.8984,47.6173
40,30,16,180,0.3,2596,1.3629,0.3407,46.7464,0.8670,47.6134
50,30,16,180,0.3,3036,1.3432,0.3358,46.7695,0.8393,47.6089
60,30,16,180,0.3,3476,1.3285,0.3321,46.7808,0.8170,47.5978
30,40,16,180,0.3,2596,1.3629,0.3407,46.6592,0.9246,47.5838
40,40,16,180,0.3,3036,1.3432,0.3358,46.6890,0.8942,47.5832
50,40,16,180,0.3,3476,1.3285,0.3321,46.7168,0.8686,47.5853
60,40,16,180,0.3,3916,1.3172,0.3293,46.7317,0.8458,47.5774
30,50,16,180,0.3,3036,1.3432,0.3358,46.6154,0.9436,47.5590
40,50,16,180,0.3,3476,1.3285,0.3321,46.6477,0.9152,47.5629
50,50,16,180,0.3,3916,1.3172,0.3293,46.6771,0.8891,47.5662
60,50,16,180,0.3,4356,1.3081,0.3270,46.6957,0.8669,47.5625
30,60,16,180,0.3,3476,1.3285,0.3321,46.5527,0.9655,47.5182
40,60,16,180,0.3,3916,1.3172,0.3293,46.5877,0.9380,47.5257
50,60,16,180,0.3,4356,1.3081,0.3270,46.6207,0.9122,47.5330
60,60,16,180,0.3,4796,1.3007,0.3252,46.6429,0.8886,47.5315
30,30,8,225,0.3,1078,1.8905,0.4726,46.3256,1.1606,47.4861
40,30,8,225,0.3,1298,1.8629,0.4657,46.2935,1.1658,47.4593
50,30,8,225,0.3,1518,1.8432,0.4608,46.2732,1.1709,47.4441
60,30,8,225,0.3,1738,1.8285,0.4571,46.2437,1.1743,47.4180
30,40,8,225,0.3,1298,1.8629,0.4657,46.2972,1.1627,47.4599
40,40,8,225,0.3,1518,1.8432,0.4608,46.2701,1.1689,47.4389
50,40,8,225,0.3,1738,1.8285,0.4571,46.2541,1.1721,47.4262
60,40,8,225,0.3,1958,1.8172,0.4543,46.2295,1.1761,47.4056
30,50,8,225,0.3,1518,1.8432,0.4608,46.2775,1.1645,47.4420
40,50,8,225,0.3,1738,1.8285,0.4571,46.2553,1.1704,47.4257
50,50,8,225,0.3,1958,1.8172,0.4543,46.2413,1.1733,47.4146
60,50,8,225,0.3,2178,1.8081,0.4520,46.2208,1.1765,47.3973
30,60,8,225,0.3,1738,1.8285,0.4571,46.2467,1.1665,47.4132
40,60,8,225,0.3,1958,1.8172,0.4543,46.2292,1.1712,47.4004
50,60,8,225,0.3,2178,1.8081,0.4520,46.2197,1.1747,47.3944
60,60,8,225,0.3,2398,1.8007,0.4502,46.2028,1.1767,47.3795
30,30,12,225,0.3,1617,1.5572,0.3893,46.5060,1.0215,47.5275
40,30,12,225,0.3,1947,1.5295,0.3824,46.4753,1.0276,47.5029
50,30,12,225,0.3,2277,1.5099,0.3775,46.4569,1.0314,47.4882
60,30,12,225,0.3,2607,1.4952,0.3738,46.4312,1.0337,47.4649
30,40,12,225,0.3,1947,1.5295,0.3824,46.4869,1.0228,47.5097
40,40,12,225,0.3,2277,1.5099,0.3775,46.4579,1.0292,47.4871
50,40,12,225,0.3,2607,1.4952,0.3738,46.4414,1.0329,47.4742
60,40,12,225,0.3,2937,1.4838,0.3710,46.4190,1.0357,47.4547
30,50,12,225,0.3,2277,1.5099,0.3775,46.4758,1.0232,47.4990
40,50,12,225,0.3,2607,1.4952,0.3738,46.4502,1.0293,47.4795
50,50,12,225,0.3,2937,1.4838,0.3710,46.4342,1.0329,47.4671
60,50,12,225,0.3,3267,1.4747,0.3687,46.4141,1.0353,47.4495
30,60,12,225,0.3,2607,1.4952,0.3738,46.4539,1.0241,47.4780
40,60,12,225,0.3,2937,1.4838,0.3710,46.4321,1.0301,47.4622
50,60,12,225,0.3,3267,1.4747,0.3687,46.4196,1.0331,47.4527
60,60,12,225,0.3,3597,1.4673,0.3668,46.4011,1.0353,47.4364
30,30,16,225,0.3,2156,1.3905,0.3476,46.5822,0.9565,47.5387
40,30,16,225,0.3,2596,1.3629,0.3407,46.5509,0.9623,47.5132
50,30,16,225,0.3,3036,1.3432,0.3358,46.5329,0.9660,47.4990
60,30,16,225,0.3,3476,1.3285,0.3321,46.5090,0.9683,47.4773
30,40,16,225,0.3,2596,1.3629,0.3407,46.5642,0.9577,47.5220
40,40,16,225,0.3,3036,1.3432,0.3358,46.5341,0.9640,47.4981
50,40,16,225,0.3,3476,1.3285,0.3321,46.5181,0.9675,47.4857
60,40,16,225,0.3,3916,1.3172,0.3293,46.4965,0.9700,47.4665
30,50,16,225,0.3,3036,1.3432,0.3358,46.5562,0.9579,47.5142
40,50,16,225,0.3,3476,1.3285,0.3321,46.5283,0.9636,47.4919
50,50,16,225,0.3,3916,1.3172,0.3293,46.5119,0.9676,47.4795
60,50,16,225,0.3,4356,1.3081,0.3270,46.4923,0.9700,47.4623
30,60,16,225,0.3,3476,1.3285,0.3321,46.5380,0.9585,47.4965
40,60,16,225,0.3,3916,1.3172,0.3293,46.5132,0.9640,47.4772
50,60,16,225,0.3,4356,1.3081,0.3270,46.4996,0.9670,47.4666
60,60,16,225,0.3,4796,1.3007,0.3252,46.4809,0.9700,47.4509
30,30,8,270,0.3,1078,1.8905,0.4726,46.4922,1.0754,47.5676
40,30,8,270,0.3,1298,1.8629,0.4657,46.4280,1.1056,47.5335
50,30,8,270,0.3,1518,1.8432,0.4608,46.3810,1.1293,47.5103
60,30,8,270,0.3,1738,1.8285,0.4571,46.3134,1.1526,47.4660
30,40,8,270,0.3,1298,1.8629,0.4657,46.5005,1.0473,47.5478
40,40,8,270,0.3,1518,1.8432,0.4608,46.4455,1.0783,47.5238
50,40,8,270,0.3,1738,1.8285,0.4571,46.4015,1.1017,47.5032
60,40,8,270,0.3,1958,1.8172,0.4543,46.3408,1.1263,47.4671
30,50,8,270,0.3,1518,1.8432,0.4608,46.5037,1.0276,47.5313
40,50,8,270,0.3,1738,1.8285,0.4571,46.4566,1.0548,47.5114
50,50,8,270,0.3,1958,1.8172,0.4543,46.4189,1.0788,47.4977
60,50,8,270,0.3,2178,1.8081,0.4520,46.3624,1.1024,47.4648
30,60,8,270,0.3,1738,1.8285,0.4571,46.4958,1.0093,47.5051
40,60,8,270,0.3,1958,1.8172,0.4543,46.4557,1.0375,47.4931
50,60,8,270,0.3,2178,1.8081,0.4520,46.4239,1.0581,47.4820
60,60,8,270,0.3,2398,1.8007,0.4502,46.3726,1.0826,47.4552
30,30,12,270,0.3,1617,1.5572,0.3893,46.6479,0.9530,47.6008
40,30,12,270,0.3,1947,1.5295,0.3824,46.5861,0.9810,47.5671
50,30,12,270,0.3,2277,1.5099,0.3775,46.5409,1.0019,47.5428
60,30,12,270,0.3,2607,1.4952,0.3738,46.4771,1.0238,47.5009
30,40,12,270,0.3,1947,1.5295,0.3824,46.6713,0.9225,47.5938
40,40,12,270,0.3,2277,1.5099,0.3775,46.6152,0.9508,47.5660
50,40,12,270,0.3,2607,1.4952,0.3738,46.5725,0.9728,47.5453
60,40,12,270,0.3,2937,1.4838,0.3710,46.5120,0.9963,47.5083
30,50,12,270,0.3,2277,1.5099,0.3775,46.6898,0.8986,47.5884
40,50,12,270,0.3,2607,1.4952,0.3738,46.6402,0.9253,47.5655
50,50,12,270,0.3,2937,1.4838,0.3710,46.5999,0.9475,47.5474
60,50,12,270,0.3,3267,1.4747,0.3687,46.5433,0.9704,47.5137
30,60,12,270,0.3,2607,1.4952,0.3738,46.6934,0.8771,47.5705
40,60,12,270,0.3,2937,1.4838,0.3710,46.6500,0.9055,47.5555
50,60,12,270,0.3,3267,1.4747,0.3687,46.6160,0.9254,47.5414
60,60,12,270,0.3,3597,1.4673,0.3668,46.5638,0.9479,47.5117
30,30,16,270,0.3,2156,1.3905,0.3476,46.6998,0.9025,47.6023
40,30,16,270,0.3,2596,1.3629,0.3407,46.6421,0.9284,47.5705
50,30,16,270,0.3,3036,1.3432,0.3358,46.6003,0.9471,47.5474
60,30,16,270,0.3,3476,1.3285,0.3321,46.5394,0.9670,47.5064
30,40,16,270,0.3,2596,1.3629,0.3407,46.7296,0.8710,47.6006
40,40,16,270,0.3,3036,1.3432,0.3358,46.6739,0.8985,47.5723
50,40,16,270,0.3,3476,1.3285,0.3321,46.6338,0.9189,47.5526
60,40,16,270,0.3,3916,1.3172,0.3293,46.5748,0.9400,47.5148
30,50,16,270,0.3,3036,1.3432,0.3358,46.7562,0.8426,47.5988
40,50,16,270,0.3,3476,1.3285,0.3321,46.7034,0.8718,47.5752
50,50,16,270,0.3,3916,1.3172,0.3293,46.6649,0.8928,47.5577
60,50,16,270,0.3,4356,1.3081,0.3270,46.6096,0.9146,47.5243
30,60,16,270,0.3,3476,1.3285,0.3321,46.7688,0.8197,47.5885
40,60,16,270,0.3,3916,1.3172,0.3293,46.7199,0.8488,47.5687
50,60,16,270,0.3,4356,1.3081,0.3270,46.6850,0.8696,47.5546
60,60,16,270,0.3,4796,1.3007,0.3252,46.6335,0.8911,47.5246
30,30,8,315,0.3,1078,1.8905,0.4726,46.3870,1.1420,47.5289
40,30,8,315,0.3,1298,1.8629,0.4657,46.3547,1.1454,47.5001
50,30,8,315,0.3,1518,1.8432,0.4608,46.3322,1.1475,47.4797
60,30,8,315,0.3,1738,1.8285,0.4571,46.2497,1.1670,47.4167
30,40,8,315,0.3,1298,1.8629,0.4657,46.3501,1.1494,47.4995
40,40,8,315,0.3,1518,1.8432,0.4608,46.3246,1.1533,47.4780
50,40,8,315,0.3,1738,1.8285,0.4571,46.3076,1.1543,47.4619
60,40,8,315,0.3,1958,1.8172,0.4543,46.2359,1.1712,47.4071
30,50,8,315,0.3,1518,1.8432,0.4608,46.3239,1.1541,47.4779
40,50,8,315,0.3,1738,1.8285,0.4571,46.3042,1.1566,47.4608
50,50,8,315,0.3,1958,1.8172,0.4543,46.2903,1.1579,47.4482
60,50,8,315,0.3,2178,1.8081,0.4520,46.2280,1.1728,47.4008
30,60,8,315,0.3,1738,1.8285,0.4571,46.2888,1.1589,47.4477
40,60,8,315,0.3,1958,1.8172,0.4543,46.2739,1.1607,47.4347
50,60,8,315,0.3,2178,1.8081,0.4520,46.2643,1.1614,47.4257
60,60,8,315,0.3,2398,1.8007,0.4502,46.2103,1.1744,47.3847
30,30,12,315,0.3,1617,1.5572,0.3893,46.5502,1.0147,47.5649
40,30,12,315,0.3,1947,1.5295,0.3824,46.5310,1.0149,47.5459
50,30,12,315,0.3,2277,1.5099,0.3775,46.5192,1.0132,47.5324
60,30,12,315,0.3,2607,1.4952,0.3738,46.4486,1.0312,47.4799
30,40,12,315,0.3,1947,1.5295,0.3824,46.5178,1.0188,47.5367
40,40,12,315,0.3,2277,1.5099,0.3775,46.5029,1.0195,47.5224
50,40,12,315,0.3,2607,1.4952,0.3738,46.4949,1.0187,47.5137
60,40,12,315,0.3,2937,1.4838,0.3710,46.4341,1.0344,47.4685
30,50,12,315,0.3,2277,1.5099,0.3775,46.4968,1.0211,47.5179
40,50,12,315,0.3,2607,1.4952,0.3738,46.4849,1.0214,47.5063
50,50,12,315,0.3,2937,1.4838,0.3710,46.4784,1.0208,47.4991
60,50,12,315,0.3,3267,1.4747,0.3687,46.4251,1.0349,47.4600
30,60,12,315,0.3,2607,1.4952,0.3738,46.4679,1.0240,47.4919
40,60,12,315,0.3,2937,1.4838,0.3710,46.4603,1.0245,47.4847
50,60,12,315,0.3,3267,1.4747,0.3687,46.4564,1.0231,47.4795
60,60,12,315,0.3,3597,1.4673,0.3668,46.4079,1.0361,47.4440
30,30,16,315,0.3,2156,1.3905,0.3476,46.6071,0.9627,47.5698
40,30,16,315,0.3,2596,1.3629,0.3407,46.5951,0.9594,47.5546
50,30,16,315,0.3,3036,1.3432,0.3358,46.5888,0.9562,47.5450
60,30,16,315,0.3,3476,1.3285,0.3321,46.5231,0.9723,47.4954
30,40,16,315,0.3,2596,1.3629,0.3407,46.5796,0.9645,47.5441
40,40,16,315,0.3,3036,1.3432,0.3358,46.5698,0.9630,47.5328
50,40,16,315,0.3,3476,1.3285,0.3321,46.5665,0.9594,47.5259
60,40,16,315,0.3,3916,1.3172,0.3293,46.5090,0.9740,47.4830
30,50,16,315,0.3,3036,1.3432,0.3358,46.5627,0.9640,47.5266
40,50,16,315,0.3,3476,1.3285,0.3321,46.5548,0.9629,47.5177
50,50,16,315,0.3,3916,1.3172,0.3293,46.5515,0.9607,47.5123
60,50,16,315,0.3,4356,1.3081,0.3270,46.5010,0.9739,47.4749
30,60,16,315,0.3,3476,1.3285,0.3321,46.5370,0.9646,47.5017
40,60,16,315,0.3,3916,1.3172,0.3293,46.5316,0.9646,47.4962
50,60,16,315,0.3,4356,1.3081,0.3270,46.5307,0.9621,47.4928
60,60,16,315,0.3,4796,1.3007,0.3252,46.4850,0.9744,47.4593
30,30,8,0,0.4,1078,1.8905,0.4726,47.1578,0.8873,48.0451
40,30,8,0,0.4,1298,1.8629,0.4657,47.1646,0.8641,48.0287
50,30,8,0,0.4,1518,1.8432,0.4608,47.1698,0.8464,48.0163
60,30,8,0,0.4,1738,1.8285,0.4571,47.1125,0.8525,47.9650
30,40,8,0,0.4,1298,1.8629,0.4657,47.0823,0.9167,47.9990
40,40,8,0,0.4,1518,1.8432,0.4608,47.1006,0.8949,47.9955
50,40,8,0,0.4,1738,1.8285,0.4571,47.1150,0.8753,47.9903
60,40,8,0,0.4,1958,1.8172,0.4543,47.0710,0.8781,47.9490
30,50,8,0,0.4,1518,1.8432,0.4608,47.0250,0.9391,47.9642
40,50,8,0,0.4,1738,1.8285,0.4571,47.0511,0.9159,47.9670
50,50,8,0,0.4,1958,1.8172,0.4543,47.0704,0.8978,47.9682
60,50,8,0,0.4,2178,1.8081,0.4520,47.0354,0.8984,47.9338
30,60,8,0,0.4,1738,1.8285,0.4571,46.9523,0.9634,47.9157
40,60,8,0,0.4,1958,1.8172,0.4543,46.9851,0.9390,47.9241
50,60,8,0,0.4,2178,1.8081,0.4520,47.0116,0.9189,47.9305
60,60,8,0,0.4,2398,1.8007,0.4502,46.9846,0.9192,47.9038
30,30,12,0,0.4,1617,1.5572,0.3893,47.2821,0.7673,48.0494
40,30,12,0,0.4,1947,1.5295,0.3824,47.2962,0.7412,48.0374
50,30,12,0,0.4,2277,1.5099,0.3775,47.3070,0.7182,48.0252
60,30,12,0,0.4,2607,1.4952,0.3738,47.2606,0.7211,47.9816
30,40,12,0,0.4,1947,1.5295,0.3824,47.2130,0.7944,48.0074
40,40,12,0,0.4,2277,1.5099,0.3775,47.2361,0.7700,48.0061
50,40,12,0,0.4,2607,1.4952,0.3738,47.2549,0.7483,48.0032
60,40,12,0,0.4,2937,1.4838,0.3710,47.2169,0.7492,47.9661
30,50,12,0,0.4,2277,1.5099,0.3775,47.1609,0.8146,47.9756
40,50,12,0,0.4,2607,1.4952,0.3738,47.1891,0.7901,47.9792
50,50,12,0,0.4,2937,1.4838,0.3710,47.2128,0.7695,47.9823
60,50,12,0,0.4,3267,1.4747,0.3687,47.1823,0.7689,47.9512
30,60,12,0,0.4,2607,1.4952,0.3738,47.0924,0.8370,47.9294
40,60,12,0,0.4,2937,1.4838,0.3710,47.1261,0.8121,47.9383
50,60,12,0,0.4,3267,1.4747,0.3687,47.1558,0.7904,47.9462
60,60,12,0,0.4,3597,1.4673,0.3668,47.1323,0.7880,47.9204
30,30,16,0,0.4,2156,1.3905,0.3476,47.3265,0.7158,48.0424
40,30,16,0,0.4,2596,1.3629,0.3407,47.3415,0.6875,48.0290
50,30,16,0,0.4,3036,1.3432,0.3358,47.3563,0.6620,48.0183
60,30,16,0,0.4,3476,1.3285,0.3321,47.3142,0.6630,47.9772
30,40,16,0,0.4,2596,1.3629,0.3407,47.2619,0.7409,48.0028
40,40,16,0,0.4,3036,1.3432,0.3358,47.2849,0.7157,48.0006
50,40,16,0,0.4,3476,1.3285,0.3321,47.3056,0.6937,47.9993
60,40,16,0,0.4,3916,1.3172,0.3293,47.2708,0.6935,47.9642
30,50,16,0,0.4,3036,1.3432,0.3358,47.2132,0.7601,47.9733
40,50,16,0,0.4,3476,1.3285,0.3321,47.2412,0.7352,47.9765
50,50,16,0,0.4,3916,1.3172,0.3293,47.2656,0.7137,47.9793
60,50,16,0,0.4,4356,1.3081,0.3270,47.2380,0.7128,47.9508
30,60,16,0,0.4,3476,1.3285,0.3321,47.1479,0.7794,47.9273
40,60,16,0,0.4,3916,1.3172,0.3293,47.1807,0.7571,47.9378
50,60,16,0,0.4,4356,1.3081,0.3270,47.2108,0.7342,47.9450
60,60,16,0,0.4,4796,1.3007,0.3252,47.1895,0.7315,47.9210
30,30,8,45,0.4,1078,1.8905,0.4726,47.0576,0.9441,48.0016
40,30,8,45,0.4,1298,1.8629,0.4657,47.0110,0.9555,47.9665
50,30,8,45,0.4,1518,1.8432,0.4608,46.9804,0.9631,47.9435
60,30,8,45,0.4,1738,1.8285,0.4571,46.9003,0.9892,47.8895
30,40,8,45,0.4,1298,1.8629,0.4657,47.0234,0.9541,47.9775
40,40,8,45,0.4,1518,1.8432,0.4608,46.9857,0.9632,47.9489
50,40,8,45,0.4,1738,1.8285,0.4571,46.9602,0.9692,47.9294
60,40,8,45,0.4,1958,1.8172,0.4543,46.8894,0.9919,47.8813
30,50,8,45,0.4,1518,1.8432,0.4608,46.9993,0.9607,47.9600
40,50,8,45,0.4,1738,1.8285,0.4571,46.9691,0.9682,47.9374
50,50,8,45,0.4,1958,1.8172,0.4543,46.9468,0.9731,47.9199
60,50,8,45,0.4,2178,1.8081,0.4520,46.8840,0.9935,47.8775
30,60,8,45,0.4,1738,1.8285,0.4571,46.9194,0.9858,47.9052
40,60,8,45,0.4,1958,1.8172,0.4543,46.8991,0.9917,47.8908
50,60,8,45,0.4,2178,1.8081,0.4520,46.8851,0.9945,47.8796
60,60,8,45,0.4,2398,1.8007,0.4502,46.8315,1.0112,47.8427
30,30,12,45,0.4,1617,1.5572,0.3893,47.1990,0.8091,48.0082
40,30,12,45,0.4,1947,1.5295,0.3824,47.1526,0.8197,47.9723
50,30,12,45,0.4,2277,1.5099,0.3775,47.1220,0.8263,47.9483
60,30,12,45,0.4,2607,1.4952,0.3738,47.0510,0.8495,47.9005
30,40,12,45,0.4,1947,1.5295,0.3824,47.1687,0.8172,47.9859
40,40,12,45,0.4,2277,1.5099,0.3775,47.1317,0.8261,47.9578
50,40,12,45,0.4,2607,1.4952,0.3738,47.1071,0.8314,47.9385
60,40,12,45,0.4,2937,1.4838,0.3710,47.0421,0.8517,47.8938
30,50,12,45,0.4,2277,1.5099,0.3775,47.1501,0.8229,47.9730
40,50,12,45,0.4,2607,1.4952,0.3738,47.1185,0.8300,47.9485
50,50,12,45,0.4,2937,1.4838,0.3710,47.0964,0.8347,47.9310
60,50,12,45,0.4,3267,1.4747,0.3687,47.0387,0.8528,47.8915
30,60,12,45,0.4,2607,1.4952,0.3738,47.0766,0.8468,47.9235
40,60,12,45,0.4,2937,1.4838,0.3710,47.0554,0.8512,47.9066
50,60,12,45,0.4,3267,1.4747,0.3687,47.0415,0.8537,47.8951
60,60,12,45,0.4,3597,1.4673,0.3668,46.9907,0.8706,47.8613
30,30,16,45,0.4,2156,1.3905,0.3476,47.2594,0.7450,48.0044
40,30,16,45,0.4,2596,1.3629,0.3407,47.2139,0.7560,47.9699
50,30,16,45,0.4,3036,1.3432,0.3358,47.1837,0.7622,47.9459
60,30,16,45,0.4,3476,1.3285,0.3321,47.1137,0.7850,47.8987
30,40,16,45,0.4,2596,1.3629,0.3407,47.2314,0.7530,47.9844
40,40,16,45,0.4,3036,1.3432,0.3358,47.1941,0.7620,47.9560
50,40,16,45,0.4,3476,1.3285,0.3321,47.1687,0.7670,47.9357
60,40,16,45,0.4,3916,1.3172,0.3293,47.1058,0.7874,47.8932
30,50,16,45,0.4,3036,1.3432,0.3358,47.2142,0.7573,47.9715
40,50,16,45,0.4,3476,1.3285,0.3321,47.1824,0.7654,47.9478
50,50,16,45,0.4,3916,1.3172,0.3293,47.1596,0.7701,47.9297
60,50,16,45,0.4,4356,1.3081,0.3270,47.1032,0.7884,47.8916
30,60,16,45,0.4,3476,1.3285,0.3321,47.1441,0.7813,47.9254
40,60,16,45,0.4,3916,1.3172,0.3293,47.1208,0.7853,47.9061
50,60,16,45,0.4,4356,1.3081,0.3270,47.1063,0.7880,47.8943
60,60,16,45,0.4,4796,1.3007,0.3252,47.0566,0.8040,47.8606
30,30,8,90,0.4,1078,1.8905,0.4726,47.1506,0.8875,48.0381
40,30,8,90,0.4,1298,1.8629,0.4657,47.0755,0.9169,47.9924
50,30,8,90,0.4,1518,1.8432,0.4608,47.0195,0.9399,47.9593
60,30,8,90,0.4,1738,1.8285,0.4571,46.9501,0.9636,47.9137
30,40,8,90,0.4,1298,1.8629,0.4657,47.1594,0.8640,48.0234
40,40,8,90,0.4,1518,1.8432,0.4608,47.0957,0.8946,47.9903
50,40,8,90,0.4,1738,1.8285,0.4571,47.0464,0.9156,47.9621
60,40,8,90,0.4,1958,1.8172,0.4543,46.9830,0.9389,47.9219
30,50,8,90,0.4,1518,1.8432,0.4608,47.1658,0.8464,48.0122
40,50,8,90,0.4,1738,1.8285,0.4571,47.1118,0.8750,47.9868
50,50,8,90,0.4,1958,1.8172,0.4543,47.0669,0.8970,47.9639
60,50,8,90,0.4,2178,1.8081,0.4520,47.0097,0.9185,47.9282
30,60,8,90,0.4,1738,1.8285,0.4571,47.1034,0.8558,47.9592
40,60,8,90,0.4,1958,1.8172,0.4543,47.0616,0.8812,47.9428
50,60,8,90,0.4,2178,1.8081,0.4520,47.0272,0.9009,47.9281
60,60,8,90,0.4,2398,1.8007,0.4502,46.9778,0.9202,47.8980
30,30,12,90,0.4,1617,1.5572,0.3893,47.2691,0.7683,48.0374
40,30,12,90,0.4,1947,1.5295,0.3824,47.2011,0.7952,47.9962
50,30,12,90,0.4,2277,1.5099,0.3775,47.1503,0.8160,47.9664
60,30,12,90,0.4,2607,1.4952,0.3738,47.0866,0.8376,47.9242
30,40,12,90,0.4,1947,1.5295,0.3824,47.2861,0.7420,48.0281
40,40,12,90,0.4,2277,1.5099,0.3775,47.2272,0.7698,47.9970
50,40,12,90,0.4,2607,1.4952,0.3738,47.1810,0.7905,47.9715
60,40,12,90,0.4,2937,1.4838,0.3710,47.1218,0.8129,47.9347
30,50,12,90,0.4,2277,1.5099,0.3775,47.3000,0.7182,48.0182
40,50,12,90,0.4,2607,1.4952,0.3738,47.2481,0.7486,47.9967
50,50,12,90,0.4,2937,1.4838,0.3710,47.2061,0.7691,47.9752
60,50,12,90,0.4,3267,1.4747,0.3687,47.1521,0.7903,47.9424
30,60,12,90,0.4,2607,1.4952,0.3738,47.2472,0.7252,47.9723
40,60,12,90,0.4,2937,1.4838,0.3710,47.2046,0.7528,47.9574
50,60,12,90,0.4,3267,1.4747,0.3687,47.1707,0.7718,47.9425
60,60,12,90,0.4,3597,1.4673,0.3668,47.1237,0.7906,47.9143
30,30,16,90,0.4,2156,1.3905,0.3476,47.3095,0.7170,48.0265
40,30,16,90,0.4,2596,1.3629,0.3407,47.2457,0.7425,47.9882
50,30,16,90,0.4,3036,1.3432,0.3358,47.1985,0.7615,47.9600
60,30,16,90,0.4,3476,1.3285,0.3321,47.1392,0.7816,47.9207
30,40,16,90,0.4,2596,1.3629,0.3407,47.3283,0.6891,48.0174
40,40,16,90,0.4,3036,1.3432,0.3358,47.2723,0.7169,47.9892
50,40,16,90,0.4,3476,1.3285,0.3321,47.2292,0.7365,47.9657
60,40,16,90,0.4,3916,1.3172,0.3293,47.1731,0.7576,47.9307
30,50,16,90,0.4,3036,1.3432,0.3358,47.3468,0.6627,48.0096
40,50,16,90,0.4,3476,1.3285,0.3321,47.2957,0.6943,47.9900
50,50,16,90,0.4,3916,1.3172,0.3293,47.2560,0.7142,47.9703
60,50,16,90,0.4,4356,1.3081,0.3270,47.2046,0.7349,47.9395
30,60,16,90,0.4,3476,1.3285,0.3321,47.2995,0.6673,47.9668
40,60,16,90,0.4,3916,1.3172,0.3293,47.2562,0.6971,47.9533
50,60,16,90,0.4,4356,1.3081,0.3270,47.2244,0.7154,47.9398
60,60,16,90,0.4,4796,1.3007,0.3252,47.1786,0.7345,47.9131
30,30,8,135,0.4,1078,1.8905,0.4726,47.0195,0.9705,47.9900
40,30,8,135,0.4,1298,1.8629,0.4657,46.9955,0.9743,47.9698
50,30,8,135,0.4,1518,1.8432,0.4608,46.9785,0.9757,47.9542
60,30,8,135,0.4,1738,1.8285,0.4571,46.9530,0.9776,47.9306
30,40,8,135,0.4,1298,1.8629,0.4657,46.9829,0.9762,47.9591
40,40,8,135,0.4,1518,1.8432,0.4608,46.9646,0.9792,47.9439
50,40,8,135,0.4,1738,1.8285,0.4571,46.9520,0.9806,47.9326
60,40,8,135,0.4,1958,1.8172,0.4543,46.9335,0.9818,47.9153
30,50,8,135,0.4,1518,1.8432,0.4608,46.9569,0.9795,47.9364
40,50,8,135,0.4,1738,1.8285,0.4571,46.9434,0.9821,47.9255
50,50,8,135,0.4,1958,1.8172,0.4543,46.9338,0.9833,47.9171
60,50,8,135,0.4,2178,1.8081,0.4520,46.9183,0.9856,47.9038
30,60,8,135,0.4,1738,1.8285,0.4571,46.8746,1.0072,47.8818
40,60,8,135,0.4,1958,1.8172,0.4543,46.8701,1.0073,47.8774
50,60,8,135,0.4,2178,1.8081,0.4520,46.8683,1.0055,47.8738
60,60,8,135,0.4,2398,1.8007,0.4502,46.8589,1.0048,47.8637
30,30,12,135,0.4,1617,1.5572,0.3893,47.1436,0.8453,47.9889
40,30,12,135,0.4,1947,1.5295,0.3824,47.1296,0.8463,47.9759
50,30,12,135,0.4,2277,1.5099,0.3775,47.1200,0.8447,47.9648
60,30,12,135,0.4,2607,1.4952,0.3738,47.1024,0.8442,47.9466
30,40,12,135,0.4,1947,1.5295,0.3824,47.1102,0.8484,47.9586
40,40,12,135,0.4,2277,1.5099,0.3775,47.1014,0.8488,47.9502
50,40,12,135,0.4,2607,1.4952,0.3738,47.0960,0.8477,47.9437
60,40,12,135,0.4,2937,1.4838,0.3710,47.0824,0.8471,47.9295
30,50,12,135,0.4,2277,1.5099,0.3775,47.0893,0.8492,47.9384
40,50,12,135,0.4,2607,1.4952,0.3738,47.0823,0.8496,47.9318
50,50,12,135,0.4,2937,1.4838,0.3710,47.0785,0.8491,47.9276
60,50,12,135,0.4,3267,1.4747,0.3687,47.0680,0.8484,47.9163
30,60,12,135,0.4,2607,1.4952,0.3738,47.0188,0.8734,47.8922
40,60,12,135,0.4,2937,1.4838,0.3710,47.0178,0.8713,47.8891
50,60,12,135,0.4,3267,1.4747,0.3687,47.0191,0.8689,47.8879
60,60,12,135,0.4,3597,1.4673,0.3668,47.0132,0.8670,47.8802
30,30,16,135,0.4,2156,1.3905,0.3476,47.1870,0.7934,47.9804
40,30,16,135,0.4,2596,1.3629,0.3407,47.1798,0.7901,47.9699
50,30,16,135,0.4,3036,1.3432,0.3358,47.1752,0.7868,47.9620
60,30,16,135,0.4,3476,1.3285,0.3321,47.1614,0.7844,47.9457
30,40,16,135,0.4,2596,1.3629,0.3407,47.1569,0.7928,47.9498
40,40,16,135,0.4,3036,1.3432,0.3358,47.1530,0.7911,47.9442
50,40,16,135,0.4,3476,1.3285,0.3321,47.1516,0.7883,47.9399
60,40,16,135,0.4,3916,1.3172,0.3293,47.1413,0.7865,47.9278
30,50,16,135,0.4,3036,1.3432,0.3358,47.1384,0.7926,47.9310
40,50,16,135,0.4,3476,1.3285,0.3321,47.1358,0.7916,47.9274
50,50,16,135,0.4,3916,1.3172,0.3293,47.1353,0.7899,47.9252
60,50,16,135,0.4,4356,1.3081,0.3270,47.1277,0.7881,47.9158
30,60,16,135,0.4,3476,1.3285,0.3321,47.0716,0.8138,47.8855
40,60,16,135,0.4,3916,1.3172,0.3293,47.0740,0.8111,47.8850
50,60,16,135,0.4,4356,1.3081,0.3270,47.0784,0.8072,47.8856
60,60,16,135,0.4,4796,1.3007,0.3252,47.0750,0.8045,47.8795
30,30,8,180,0.4,1078,1.8905,0.4726,47.1192,0.9098,48.0290
40,30,8,180,0.4,1298,1.8629,0.4657,47.1345,0.8827,48.0172
50,30,8,180,0.4,1518,1.8432,0.4608,47.1443,0.8628,48.0070
60,30,8,180,0.4,1738,1.8285,0.4571,47.1449,0.8460,47.9909
30,40,8,180,0.4,1298,1.8629,0.4657,47.0501,0.9357,47.9859
40,40,8,180,0.4,1518,1.8432,0.4608,47.0741,0.9107,47.9848
50,40,8,180,0.4,1738,1.8285,0.4571,47.0920,0.8894,47.9814
60,40,8,180,0.4,1958,1.8172,0.4543,47.1016,0.8688,47.9704
30,50,8,180,0.4,1518,1.8432,0.4608,46.9976,0.9553,47.9529
40,50,8,180,0.4,1738,1.8285,0.4571,47.0277,0.9299,47.9575
50,50,8,180,0.4,1958,1.8172,0.4543,47.0499,0.9098,47.9597
60,50,8,180,0.4,2178,1.8081,0.4520,47.0642,0.8899,47.9541
30,60,8,180,0.4,1738,1.8285,0.4571,46.9293,0.9786,47.9079
40,60,8,180,0.4,1958,1.8172,0.4543,46.9649,0.9519,47.9169
50,60,8,180,0.4,2178,1.8081,0.4520,46.9931,0.9306,47.9236
60,60,8,180,0.4,2398,1.8007,0.4502,47.0126,0.9110,47.9236
30,30,12,180,0.4,1617,1.5572,0.3893,47.2432,0.7899,48.0331
40,30,12,180,0.4,1947,1.5295,0.3824,47.2655,0.7597,48.0251
50,30,12,180,0.4,2277,1.5099,0.3775,47.2818,0.7345,48.0164
60,30,12,180,0.4,2607,1.4952,0.3738,47.2903,0.7112,48.0015
30,40,12,180,0.4,1947,1.5295,0.3824,47.1793,0.8128,47.9921
40,40,12,180,0.4,2277,1.5099,0.3775,47.2088,0.7858,47.9945
50,40,12,180,0.4,2607,1.4952,0.3738,47.2320,0.7620,47.9940
60,40,12,180,0.4,2937,1.4838,0.3710,47.2458,0.7391,47.9850
30,50,12,180,0.4,2277,1.5099,0.3775,47.1317,0.8310,47.9627
40,50,12,180,0.4,2607,1.4952,0.3738,47.1646,0.8036,47.9682
50,50,12,180,0.4,2937,1.4838,0.3710,47.1912,0.7820,47.9732
60,50,12,180,0.4,3267,1.4747,0.3687,47.2098,0.7598,47.9696
30,60,12,180,0.4,2607,1.4952,0.3738,47.0705,0.8512,47.9217
40,60,12,180,0.4,2937,1.4838,0.3710,47.1068,0.8245,47.9313
50,60,12,180,0.4,3267,1.4747,0.3687,47.1379,0.8013,47.9392
60,60,12,180,0.4,3597,1.4673,0.3668,47.1597,0.7807,47.9404
30,30,16,180,0.4,2156,1.3905,0.3476,47.2864,0.7377,48.0241
40,30,16,180,0.4,2596,1.3629,0.3407,47.3109,0.7069,48.0178
50,30,16,180,0.4,3036,1.3432,0.3358,47.3308,0.6793,48.0100
60,30,16,180,0.4,3476,1.3285,0.3321,47.3426,0.6532,47.9958
30,40,16,180,0.4,2596,1.3629,0.3407,47.2273,0.7597,47.9870
40,40,16,180,0.4,3036,1.3432,0.3358,47.2568,0.7319,47.9887
50,40,16,180,0.4,3476,1.3285,0.3321,47.2824,0.7075,47.9899
60,40,16,180,0.4,3916,1.3172,0.3293,47.2982,0.6835,47.9818
30,50,16,180,0.4,3036,1.3432,0.3358,47.1836,0.7751,47.9587
40,50,16,180,0.4,3476,1.3285,0.3321,47.2159,0.7494,47.9653
50,50,16,180,0.4,3916,1.3172,0.3293,47.2440,0.7258,47.9699
60,50,16,180,0.4,4356,1.3081,0.3270,47.2646,0.7034,47.9679
30,60,16,180,0.4,3476,1.3285,0.3321,47.1255,0.7937,47.9192
40,60,16,180,0.4,3916,1.3172,0.3293,47.1610,0.7694,47.9305
50,60,16,180,0.4,4356,1.3081,0.3270,47.1932,0.7457,47.9389
60,60,16,180,0.4,4796,1.3007,0.3252,47.2164,0.7233,47.9397
30,30,8,225,0.4,1078,1.8905,0.4726,46.9717,0.9899,47.9616
40,30,8,225,0.4,1298,1.8629,0.4657,46.9393,0.9958,47.9351
50,30,8,225,0.4,1518,1.8432,0.4608,46.9173,0.9989,47.9162
60,30,8,225,0.4,1738,1.8285,0.4571,46.8919,1.0000,47.8919
30,40,8,225,0.4,1298,1.8629,0.4657,46.9520,0.9921,47.9441
40,40,8,225,0.4,1518,1.8432,0.4608,46.9235,0.9976,47.9211
50,40,8,225,0.4,1738,1.8285,0.4571,46.9044,1.0010,47.9055
60,40,8,225,0.4,1958,1.8172,0.4543,46.8824,1.0015,47.8840
30,50,8,225,0.4,1518,1.8432,0.4608,46.9383,0.9939,47.9322
40,50,8,225,0.4,1738,1.8285,0.4571,46.9144,0.9982,47.9125
50,50,8,225,0.4,1958,1.8172,0.4543,46.8974,1.0017,47.8992
60,50,8,225,0.4,2178,1.8081,0.4520,46.8782,1.0019,47.8801
30,60,8,225,0.4,1738,1.8285,0.4571,46.9165,0.9942,47.9107
40,60,8,225,0.4,1958,1.8172,0.4543,46.8971,0.9997,47.8969
50,60,8,225,0.4,2178,1.8081,0.4520,46.8841,1.0015,47.8856
60,60,8,225,0.4,2398,1.8007,0.4502,46.8672,1.0018,47.8690
30,30,12,225,0.4,1617,1.5572,0.3893,47.1111,0.8544,47.9655
40,30,12,225,0.4,1947,1.5295,0.3824,47.0795,0.8587,47.9382
50,30,12,225,0.4,2277,1.5099,0.3775,47.0607,0.8600,47.9207
60,30,12,225,0.4,2607,1.4952,0.3738,47.0399,0.8609,47.9008
30,40,12,225,0.4,1947,1.5295,0.3824,47.0960,0.8554,47.9514
40,40,12,225,0.4,2277,1.5099,0.3775,47.0679,0.8604,47.9283
50,40,12,225,0.4,2607,1.4952,0.3738,47.0507,0.8615,47.9122
60,40,12,225,0.4,2937,1.4838,0.3710,47.0315,0.8623,47.8938
30,50,12,225,0.4,2277,1.5099,0.3775,47.0866,0.8546,47.9412
40,50,12,225,0.4,2607,1.4952,0.3738,47.0629,0.8600,47.9229
50,50,12,225,0.4,2937,1.4838,0.3710,47.0465,0.8617,47.9082
60,50,12,225,0.4,3267,1.4747,0.3687,47.0287,0.8624,47.8912
30,60,12,225,0.4,2607,1.4952,0.3738,47.0711,0.8552,47.9263
40,60,12,225,0.4,2937,1.4838,0.3710,47.0507,0.8591,47.9098
50,60,12,225,0.4,3267,1.4747,0.3687,47.0374,0.8607,47.8981
60,60,12,225,0.4,3597,1.4673,0.3668,47.0207,0.8621,47.8828
30,30,16,225,0.4,2156,1.3905,0.3476,47.1710,0.7908,47.9618
40,30,16,225,0.4,2596,1.3629,0.3407,47.1389,0.7937,47.9326
50,30,16,225,0.4,3036,1.3432,0.3358,47.1198,0.7950,47.9148
60,30,16,225,0.4,3476,1.3285,0.3321,47.0994,0.7966,47.8960
30,40,16,225,0.4,2596,1.3629,0.3407,47.1568,0.7914,47.9482
40,40,16,225,0.4,3036,1.3432,0.3358,47.1279,0.7950,47.9229
50,40,16,225,0.4,3476,1.3285,0.3321,47.1107,0.7963,47.9071
60,40,16,225,0.4,3916,1.3172,0.3293,47.0918,0.7979,47.8897
30,50,16,225,0.4,3036,1.3432,0.3358,47.1493,0.7909,47.9401
40,50,16,225,0.4,3476,1.3285,0.3321,47.1238,0.7943,47.9182
50,50,16,225,0.4,3916,1.3172,0.3293,47.1072,0.7964,47.9036
60,50,16,225,0.4,4356,1.3081,0.3270,47.0900,0.7980,47.8880
30,60,16,225,0.4,3476,1.3285,0.3321,47.1361,0.7895,47.9255
40,60,16,225,0.4,3916,1.3172,0.3293,47.1132,0.7934,47.9066
50,60,16,225,0.4,4356,1.3081,0.3270,47.0995,0.7953,47.8948
60,60,16,225,0.4,4796,1.3007,0.3252,47.0830,0.7976,47.8806
30,30,8,270,0.4,1078,1.8905,0.4726,47.1101,0.9086,48.0187
40,30,8,270,0.4,1298,1.8629,0.4657,47.0418,0.9351,47.9769
50,30,8,270,0.4,1518,1.8432,0.4608,46.9901,0.9558,47.9459
60,30,8,270,0.4,1738,1.8285,0.4571,46.9239,0.9778,47.9017
30,40,8,270,0.4,1298,1.8629,0.4657,47.1275,0.8825,48.0100
40,40,8,270,0.4,1518,1.8432,0.4608,47.0673,0.9090,47.9763
50,40,8,270,0.4,1738,1.8285,0.4571,47.0214,0.9293,47.9507
60,40,8,270,0.4,1958,1.8172,0.4543,46.9608,0.9503,47.9112
30,50,8,270,0.4,1518,1.8432,0.4608,47.1386,0.8609,47.9995
40,50,8,270,0.4,1738,1.8285,0.4571,47.0868,0.8887,47.9755
50,50,8,270,0.4,1958,1.8172,0.4543,47.0451,0.9082,47.9533
60,50,8,270,0.4,2178,1.8081,0.4520,46.9905,0.9284,47.9189
30,60,8,270,0.4,1738,1.8285,0.4571,47.1409,0.8412,47.9821
40,60,8,270,0.4,1958,1.8172,0.4543,47.0971,0.8683,47.9653
50,60,8,270,0.4,2178,1.8081,0.4520,47.0601,0.8889,47.9491
60,60,8,270,0.4,2398,1.8007,0.4502,47.0104,0.9079,47.9183
30,30,12,270,0.4,1617,1.5572,0.3893,47.2288,0.7897,48.0185
40,30,12,270,0.4,1947,1.5295,0.3824,47.1664,0.8135,47.9798
50,30,12,270,0.4,2277,1.5099,0.3775,47.1198,0.8317,47.9516
60,30,12,270,0.4,2607,1.4952,0.3738,47.0590,0.8502,47.9091
30,40,12,270,0.4,1947,1.5295,0.3824,47.2540,0.7606,48.0145
40,40,12,270,0.4,2277,1.5099,0.3775,47.1981,0.7855,47.9836
50,40,12,270,0.4,2607,1.4952,0.3738,47.1554,0.8040,47.9594
60,40,12,270,0.4,2937,1.4838,0.3710,47.0972,0.8240,47.9212
30,50,12,270,0.4,2277,1.5099,0.3775,47.2728,0.7344,48.0072
40,50,12,270,0.4,2607,1.4952,0.3738,47.2235,0.7619,47.9854
50,50,12,270,0.4,2937,1.4838,0.3710,47.1832,0.7811,47.9643
60,50,12,270,0.4,3267,1.4747,0.3687,47.1314,0.8003,47.9317
30,60,12,270,0.4,2607,1.4952,0.3738,47.2830,0.7113,47.9942
40,60,12,270,0.4,2937,1.4838,0.3710,47.2384,0.7392,47.9776
50,60,12,270,0.4,3267,1.4747,0.3687,47.2031,0.7595,47.9626
60,60,12,270,0.4,3597,1.4673,0.3668,47.1546,0.7786,47.9332
30,30,16,270,0.4,2156,1.3905,0.3476,47.2676,0.7390,48.0065
40,30,16,270,0.4,2596,1.3629,0.3407,47.2096,0.7615,47.9711
50,30,16,270,0.4,3036,1.3432,0.3358,47.1675,0.7775,47.9451
60,30,16,270,0.4,3476,1.3285,0.3321,47.1100,0.7933,47.9032
30,40,16,270,0.4,2596,1.3629,0.3407,47.2965,0.7088,48.0053
40,40,16,270,0.4,3036,1.3432,0.3358,47.2426,0.7329,47.9754
50,40,16,270,0.4,3476,1.3285,0.3321,47.2025,0.7511,47.9537
60,40,16,270,0.4,3916,1.3172,0.3293,47.1480,0.7691,47.9171
30,50,16,270,0.4,3036,1.3432,0.3358,47.3194,0.6802,47.9995
40,50,16,270,0.4,3476,1.3285,0.3321,47.2712,0.7082,47.9794
50,50,16,270,0.4,3916,1.3172,0.3293,47.2333,0.7265,47.9597
60,50,16,270,0.4,4356,1.3081,0.3270,47.1830,0.7451,47.9282
30,60,16,270,0.4,3476,1.3285,0.3321,47.3335,0.6537,47.9871
40,60,16,270,0.4,3916,1.3172,0.3293,47.2884,0.6845,47.9729
50,60,16,270,0.4,4356,1.3081,0.3270,47.2556,0.7037,47.9594
60,60,16,270,0.4,4796,1.3007,0.3252,47.2085,0.7224,47.9309
30,30,8,315,0.4,1078,1.8905,0.4726,47.0215,0.9685,47.9901
40,30,8,315,0.4,1298,1.8629,0.4657,46.9975,0.9721,47.9696
50,30,8,315,0.4,1518,1.8432,0.4608,46.9788,0.9745,47.9533
60,30,8,315,0.4,1738,1.8285,0.4571,46.9080,0.9935,47.9015
30,40,8,315,0.4,1298,1.8629,0.4657,46.9838,0.9744,47.9582
40,40,8,315,0.4,1518,1.8432,0.4608,46.9656,0.9777,47.9433
50,40,8,315,0.4,1738,1.8285,0.4571,46.9532,0.9794,47.9326
60,40,8,315,0.4,1958,1.8172,0.4543,46.8919,0.9982,47.8901
30,50,8,315,0.4,1518,1.8432,0.4608,46.9580,0.9778,47.9358
40,50,8,315,0.4,1738,1.8285,0.4571,46.9441,0.9806,47.9247
50,50,8,315,0.4,1958,1.8172,0.4543,46.9345,0.9821,47.9166
60,50,8,315,0.4,2178,1.8081,0.4520,46.8809,0.9994,47.8803
30,60,8,315,0.4,1738,1.8285,0.4571,46.9279,0.9822,47.9102
40,60,8,315,0.4,1958,1.8172,0.4543,46.9180,0.9841,47.9021
50,60,8,315,0.4,2178,1.8081,0.4520,46.9121,0.9853,47.8974
60,60,8,315,0.4,2398,1.8007,0.4502,46.8644,0.9997,47.8641
30,30,12,315,0.4,1617,1.5572,0.3893,47.1482,0.8434,47.9916
40,30,12,315,0.4,1947,1.5295,0.3824,47.1333,0.8435,47.9768
50,30,12,315,0.4,2277,1.5099,0.3775,47.1223,0.8437,47.9660
60,30,12,315,0.4,2607,1.4952,0.3738,47.0601,0.8594,47.9195
30,40,12,315,0.4,1947,1.5295,0.3824,47.1135,0.8468,47.9603
40,40,12,315,0.4,2277,1.5099,0.3775,47.1039,0.8474,47.9513
50,40,12,315,0.4,2607,1.4952,0.3738,47.0982,0.8466,47.9448
60,40,12,315,0.4,2937,1.4838,0.3710,47.0438,0.8629,47.9067
30,50,12,315,0.4,2277,1.5099,0.3775,47.0917,0.8476,47.9393
40,50,12,315,0.4,2607,1.4952,0.3738,47.0845,0.8483,47.9328
50,50,12,315,0.4,2937,1.4838,0.3710,47.0802,0.8481,47.9283
60,50,12,315,0.4,3267,1.4747,0.3687,47.0333,0.8630,47.8963
30,60,12,315,0.4,2607,1.4952,0.3738,47.0678,0.8479,47.9156
40,60,12,315,0.4,2937,1.4838,0.3710,47.0625,0.8487,47.9112
50,60,12,315,0.4,3267,1.4747,0.3687,47.0604,0.8484,47.9088
60,60,12,315,0.4,3597,1.4673,0.3668,47.0180,0.8627,47.8807
30,30,16,315,0.4,2156,1.3905,0.3476,47.1931,0.7915,47.9846
40,30,16,315,0.4,2596,1.3629,0.3407,47.1846,0.7887,47.9734
50,30,16,315,0.4,3036,1.3432,0.3358,47.1782,0.7859,47.9641
60,30,16,315,0.4,3476,1.3285,0.3321,47.1196,0.8014,47.9210
30,40,16,315,0.4,2596,1.3629,0.3407,47.1621,0.7910,47.9531
40,40,16,315,0.4,3036,1.3432,0.3358,47.1567,0.7898,47.9465
50,40,16,315,0.4,3476,1.3285,0.3321,47.1546,0.7873,47.9418
60,40,16,315,0.4,3916,1.3172,0.3293,47.1035,0.8022,47.9057
30,50,16,315,0.4,3036,1.3432,0.3358,47.1423,0.7908,47.9332
40,50,16,315,0.4,3476,1.3285,0.3321,47.1392,0.7892,47.9283
50,50,16,315,0.4,3916,1.3172,0.3293,47.1378,0.7888,47.9267
60,50,16,315,0.4,4356,1.3081,0.3270,47.0940,0.8013,47.8953
30,60,16,315,0.4,3476,1.3285,0.3321,47.1204,0.7900,47.9104
40,60,16,315,0.4,3916,1.3172,0.3293,47.1183,0.7897,47.9080
50,60,16,315,0.4,4356,1.3081,0.3270,47.1193,0.7883,47.9076
60,60,16,315,0.4,4796,1.3007,0.3252,47.0794,0.8004,47.8798
